account_id,account_name,industry,country,signup_date,referral_source,plan_tier,seats,is_trial,churn_flag,mrr_amount,arr_amount,current_plan,current_seats,billing_frequency,auto_renew_flag,end_date,total_subscriptions,total_upgrades,total_downgrades,usage_count_90d,errors_90d,active_days_90d,usage_count_prior_90d,tickets_90d,avg_resolution_hrs,escalations_90d,avg_csat,high_priority_tickets_90d,last_churn_date,last_reason_code,total_churn_events,tenure_days,usage_trend_pct,tickets_per_seat_90d,s_usage,s_engage,s_support,s_tenure,s_commercial,health_score,health_bucket
A-2e4581,Company_0,EdTech,US,2024-10-16,partner,Basic,9,False,False,836,10032,Basic,44,monthly,True,,10,1,0,56.0,6.0,6.0,111.0,1.0,19.0,0.0,,1.0,2024-12-05,competitor,2.0,76,-49.549549549549546,0.022727272727272728,25,15,85.0,65,50.0,49.0,Red
A-43a9e3,Company_1,FinTech,IN,2023-08-17,other,Basic,18,False,True,882,10584,Pro,18,monthly,True,,8,3,0,38.0,3.0,4.0,82.0,0.0,,0.0,,0.0,,,0.0,502,-53.65853658536586,,0,15,100.0,85,80.0,52.2,Yellow
A-0a282f,Company_2,DevTools,US,2024-08-27,organic,Basic,1,False,False,98,1176,Pro,2,annual,True,,15,1,1,104.0,5.0,10.0,88.0,1.0,18.0,0.0,4.0,0.0,2024-12-31,support,2.0,126,18.181818181818183,0.5,80,40,100.0,50,40.0,69.0,Yellow
A-1f0ac7,Company_3,HealthTech,UK,2023-08-27,other,Basic,24,True,False,1176,14112,Pro,24,monthly,True,,7,2,0,45.0,3.0,5.0,57.0,0.0,,0.0,,0.0,2024-11-08,support,1.0,492,-21.052631578947366,,25,15,100.0,85,70.0,58.8,Yellow
A-ce550d,Company_4,HealthTech,US,2024-10-27,event,Enterprise,35,False,True,21691,260292,Enterprise,109,monthly,True,2024-12-31,9,2,0,108.0,10.0,11.0,67.0,1.0,69.0,0.0,5.0,0.0,2024-12-28,budget,1.0,65,61.19402985074627,0.009174311926605505,100,40,100.0,65,80.0,82.0,Green
A-1b9609,Company_5,EdTech,IN,2023-10-12,ads,Enterprise,4,False,False,0,0,Enterprise,25,annual,True,,11,0,0,67.0,0.0,5.0,71.0,1.0,65.0,0.0,,1.0,2024-11-16,unknown,3.0,446,-5.633802816901409,0.04,50,15,85.0,85,30.0,58.5,Yellow
A-a0ca4e,Company_6,Cybersecurity,US,2024-03-08,ads,Pro,11,False,False,5174,62088,Enterprise,26,monthly,True,,9,0,0,62.0,1.0,6.0,53.0,1.0,61.0,0.0,,1.0,,,0.0,298,16.9811320754717,0.038461538461538464,80,15,85.0,75,70.0,69.5,Yellow
A-e5d6ab,Company_7,EdTech,US,2023-04-15,partner,Pro,3,False,False,1568,18816,Pro,32,annual,True,,10,0,0,93.0,8.0,9.0,31.0,0.0,,0.0,,0.0,2024-05-11,competitor,2.0,626,200.0,,100,15,100.0,85,40.0,78.2,Green
A-7dacce,Company_8,Cybersecurity,CA,2024-09-10,event,Enterprise,12,False,True,0,0,Pro,12,annual,True,,10,1,0,63.0,0.0,7.0,52.0,0.0,,0.0,,0.0,2024-12-27,budget,3.0,112,21.153846153846153,,100,15,100.0,65,40.0,74.2,Yellow
A-10b8da,Company_9,DevTools,US,2023-05-08,partner,Enterprise,14,False,True,1666,19992,Pro,34,monthly,True,,6,1,0,56.0,3.0,5.0,14.0,0.0,,0.0,,0.0,,,0.0,603,300.0,,100,15,100.0,85,70.0,81.2,Green
A-592832,Company_10,Cybersecurity,US,2024-09-25,organic,Basic,18,False,True,882,10584,Pro,18,annual,False,,19,1,1,104.0,2.0,9.0,138.0,1.0,41.0,0.0,,0.0,2024-10-04,support,1.0,97,-24.637681159420293,0.05555555555555555,25,15,95.0,35,60.0,46.5,Red
A-d40bf7,Company_11,FinTech,IN,2024-11-08,organic,Basic,59,False,False,1121,13452,Basic,59,monthly,True,,10,1,0,45.0,1.0,5.0,130.0,1.0,14.0,0.0,5.0,1.0,,,0.0,53,-65.38461538461539,0.01694915254237288,0,15,95.0,65,70.0,46.0,Red
A-6c093d,Company_12,DevTools,US,2023-04-14,partner,Basic,7,True,False,0,0,Enterprise,7,annual,True,,12,2,0,109.0,9.0,9.0,55.0,0.0,,0.0,,0.0,,,0.0,627,98.18181818181819,,100,15,100.0,85,70.0,81.2,Green
A-462d45,Company_13,Cybersecurity,US,2024-01-15,partner,Enterprise,11,True,False,1470,17640,Pro,30,annual,True,,12,1,2,54.0,0.0,5.0,77.0,1.0,29.0,0.0,,0.0,2024-05-17,competitor,1.0,351,-29.87012987012987,0.03333333333333333,25,15,95.0,45,60.0,48.5,Red
A-956988,Company_14,EdTech,UK,2024-11-30,ads,Enterprise,1,False,False,6368,76416,Enterprise,32,annual,True,,13,0,1,74.0,8.0,7.0,126.0,1.0,57.0,0.0,3.0,1.0,2024-12-30,unknown,2.0,31,-41.269841269841265,0.03125,25,15,85.0,50,50.0,46.0,Red
A-ac14bb,Company_15,FinTech,US,2023-09-08,partner,Enterprise,21,False,False,532,6384,Basic,28,annual,True,,8,2,0,58.0,6.0,5.0,52.0,0.0,,0.0,,0.0,2024-10-01,competitor,2.0,480,11.538461538461538,,80,15,100.0,85,60.0,74.2,Yellow
A-463db0,Company_16,HealthTech,US,2024-12-05,partner,Basic,15,False,False,735,8820,Pro,15,annual,True,,7,0,0,54.0,3.0,6.0,49.0,1.0,49.0,0.0,4.0,0.0,2024-12-30,features,1.0,26,10.204081632653061,0.06666666666666667,80,15,100.0,65,50.0,69.2,Yellow
A-ce66f8,Company_17,EdTech,CA,2023-08-23,event,Pro,29,False,False,1421,17052,Pro,29,annual,True,,6,0,0,60.0,1.0,7.0,15.0,1.0,33.0,0.0,4.0,0.0,,,0.0,496,300.0,0.034482758620689655,100,15,100.0,85,60.0,80.2,Green
A-c4ea60,Company_18,FinTech,DE,2023-03-09,other,Enterprise,18,False,True,3582,42984,Enterprise,18,monthly,True,,9,0,1,61.0,2.0,4.0,41.0,0.0,,0.0,,0.0,,,0.0,663,48.78048780487805,,100,15,100.0,70,70.0,78.2,Green
A-832ec2,Company_19,FinTech,UK,2023-11-19,event,Enterprise,4,True,False,4378,52536,Enterprise,22,annual,False,,8,3,0,86.0,4.0,7.0,79.0,0.0,,0.0,,0.0,2024-09-15,pricing,2.0,408,8.860759493670885,,80,15,100.0,70,70.0,72.2,Yellow
A-684255,Company_20,FinTech,US,2024-04-14,ads,Enterprise,9,False,False,0,0,Basic,9,annual,True,2024-12-26,14,3,1,84.0,4.0,8.0,80.0,0.0,,0.0,,0.0,2024-07-03,unknown,2.0,261,5.0,,80,15,100.0,60,50.0,68.2,Yellow
A-c42f1f,Company_21,HealthTech,US,2024-07-28,other,Pro,8,False,False,152,1824,Basic,8,monthly,True,,8,1,1,16.0,1.0,2.0,24.0,0.0,,0.0,,0.0,,,0.0,156,-33.33333333333333,,25,15,100.0,50,60.0,50.8,Yellow
A-4e44e8,Company_22,DevTools,US,2024-08-20,ads,Enterprise,3,False,True,3383,40596,Enterprise,17,annual,True,,14,2,0,50.0,0.0,6.0,109.0,0.0,,0.0,,0.0,2024-10-11,budget,2.0,133,-54.12844036697248,,0,15,100.0,65,70.0,47.2,Red
A-30b4ca,Company_23,EdTech,IN,2024-05-20,organic,Basic,86,False,True,1634,19608,Basic,86,annual,True,,8,0,0,32.0,0.0,3.0,78.0,0.0,,0.0,,0.0,2024-09-01,features,1.0,225,-58.97435897435898,,0,15,100.0,75,50.0,47.2,Red
A-9f2731,Company_24,FinTech,IN,2024-10-04,event,Enterprise,1,False,False,0,0,Pro,5,annual,True,,7,0,1,64.0,4.0,6.0,38.0,0.0,,0.0,,0.0,2024-12-09,unknown,2.0,88,68.42105263157895,,100,15,100.0,50,30.0,70.2,Yellow
A-32fb14,Company_25,DevTools,US,2023-03-07,event,Enterprise,26,False,True,5174,62088,Enterprise,26,annual,True,,9,2,0,28.0,4.0,3.0,45.0,0.0,,0.0,,0.0,2024-04-28,competitor,3.0,665,-37.77777777777778,,25,15,100.0,85,70.0,58.8,Yellow
A-00cac8,Company_26,HealthTech,AU,2023-09-15,organic,Enterprise,8,True,False,931,11172,Pro,19,annual,True,,9,0,1,47.0,1.0,4.0,41.0,0.0,,0.0,,0.0,,,0.0,473,14.634146341463413,,80,15,100.0,70,60.0,71.2,Yellow
A-35083d,Company_27,HealthTech,IN,2023-04-28,partner,Basic,19,False,True,9751,117012,Enterprise,49,monthly,True,,16,3,0,117.0,2.0,10.0,100.0,0.0,,0.0,,0.0,,,0.0,613,17.0,,80,40,100.0,85,90.0,81.0,Green
A-eb7fac,Company_28,DevTools,US,2023-10-28,organic,Enterprise,7,False,False,494,5928,Basic,26,monthly,True,,10,0,0,54.0,0.0,6.0,77.0,0.0,,0.0,,0.0,2024-07-22,unknown,1.0,430,-29.87012987012987,,25,15,100.0,85,40.0,55.8,Yellow
A-b20d99,Company_29,HealthTech,IN,2023-09-27,other,Basic,20,False,False,3980,47760,Enterprise,20,monthly,True,,7,1,0,0.0,0.0,0.0,39.0,0.0,,0.0,,0.0,2024-03-04,features,1.0,461,,,30,0,100.0,85,70.0,58.0,Yellow
A-396e5f,Company_30,Cybersecurity,CA,2024-10-02,other,Enterprise,2,False,False,1666,19992,Pro,34,monthly,False,,10,2,1,101.0,5.0,10.0,63.0,1.0,60.0,1.0,4.0,1.0,2024-11-30,features,1.0,90,60.317460317460316,0.029411764705882353,100,40,80.0,35,70.0,70.0,Yellow
A-45ce7a,Company_31,FinTech,US,2023-07-23,ads,Enterprise,16,False,False,3184,38208,Enterprise,16,monthly,True,,7,2,1,32.0,0.0,3.0,39.0,1.0,50.0,0.0,,0.0,,,0.0,527,-17.94871794871795,0.0625,50,15,95.0,70,90.0,64.0,Yellow
A-08e34e,Company_32,EdTech,US,2024-06-27,event,Basic,14,False,True,2786,33432,Enterprise,14,monthly,True,,11,0,0,95.0,8.0,7.0,112.0,0.0,,0.0,,0.0,2024-09-01,features,2.0,187,-15.178571428571427,,50,15,100.0,75,50.0,62.2,Yellow
A-8145a0,Company_33,Cybersecurity,AU,2023-04-25,partner,Basic,2,True,False,285,3420,Basic,15,monthly,True,,12,2,0,79.0,1.0,7.0,110.0,1.0,39.0,0.0,4.0,0.0,2023-07-12,features,1.0,616,-28.18181818181818,0.06666666666666667,25,15,100.0,85,60.0,57.8,Yellow
A-bad8c1,Company_34,FinTech,AU,2023-03-01,organic,Basic,7,False,False,1813,21756,Pro,37,monthly,True,,7,2,0,53.0,0.0,4.0,29.0,0.0,,0.0,,0.0,2023-10-04,unknown,1.0,671,82.75862068965517,,100,15,100.0,85,70.0,81.2,Green
A-44dc83,Company_35,EdTech,FR,2024-05-12,other,Basic,5,False,False,0,0,Enterprise,13,annual,True,,4,0,0,12.0,0.0,1.0,37.0,0.0,,0.0,,0.0,2024-11-29,unknown,1.0,233,-67.56756756756756,,0,15,100.0,75,40.0,46.2,Red
A-f446b6,Company_36,DevTools,DE,2023-05-12,ads,Pro,5,True,False,95,1140,Basic,5,annual,True,,9,0,0,54.0,5.0,5.0,33.0,1.0,18.0,1.0,,1.0,,,0.0,599,63.63636363636363,0.2,100,15,70.0,85,50.0,71.8,Yellow
A-a45270,Company_37,HealthTech,US,2024-06-24,ads,Enterprise,3,False,False,0,0,Basic,66,annual,True,,12,2,1,46.0,6.0,5.0,48.0,2.0,62.0,0.0,4.0,1.0,2024-11-12,pricing,1.0,190,-4.166666666666666,0.030303030303030304,50,15,90.0,60,60.0,57.8,Yellow
A-854864,Company_38,FinTech,IN,2024-12-07,event,Enterprise,20,False,False,980,11760,Pro,20,annual,True,,6,0,0,31.0,1.0,3.0,22.0,0.0,,0.0,,0.0,2024-12-24,support,1.0,24,40.909090909090914,,100,15,100.0,65,50.0,75.2,Green
A-1b7577,Company_39,Cybersecurity,US,2024-10-27,other,Pro,4,False,False,2009,24108,Pro,41,monthly,True,,11,0,1,106.0,4.0,8.0,84.0,0.0,,0.0,,0.0,,,0.0,65,26.190476190476193,,100,15,100.0,50,70.0,74.2,Yellow
A-05f0e5,Company_40,FinTech,US,2023-05-04,partner,Basic,32,False,False,2842,34104,Pro,58,annual,True,,12,2,0,149.0,12.0,12.0,67.0,1.0,36.0,0.0,,0.0,2024-11-25,features,2.0,607,122.38805970149254,0.017241379310344827,100,40,95.0,85,70.0,83.8,Green
A-9077b0,Company_41,HealthTech,US,2024-08-25,ads,Basic,2,False,False,398,4776,Enterprise,2,annual,True,,7,3,0,33.0,0.0,3.0,94.0,0.0,,0.0,,0.0,,,0.0,128,-64.8936170212766,,0,15,100.0,65,70.0,47.2,Red
A-7f8241,Company_42,EdTech,US,2023-03-14,organic,Pro,34,False,True,6766,81192,Enterprise,34,monthly,False,,15,2,0,118.0,0.0,12.0,85.0,0.0,,0.0,,0.0,,,0.0,658,38.82352941176471,,100,40,100.0,70,90.0,84.0,Green
A-2bc93d,Company_43,HealthTech,US,2023-03-14,event,Basic,14,False,False,1715,20580,Pro,35,monthly,True,,13,4,0,89.0,0.0,7.0,97.0,1.0,7.0,0.0,5.0,0.0,2024-08-15,competitor,2.0,658,-8.24742268041237,0.02857142857142857,50,15,100.0,85,60.0,65.2,Yellow
A-f3ff05,Company_44,FinTech,IN,2024-07-06,other,Enterprise,2,False,False,570,6840,Basic,30,monthly,True,,13,1,0,49.0,1.0,5.0,92.0,0.0,,0.0,,0.0,2024-10-20,unknown,1.0,178,-46.73913043478261,,25,15,100.0,65,60.0,53.8,Yellow
A-2d4502,Company_45,FinTech,IN,2024-04-29,event,Basic,7,False,False,6766,81192,Enterprise,34,annual,True,,10,2,0,19.0,2.0,2.0,59.0,0.0,,0.0,,0.0,2024-05-07,pricing,1.0,246,-67.79661016949152,,0,15,100.0,75,80.0,50.2,Yellow
A-6a4e2d,Company_46,EdTech,UK,2023-04-07,partner,Pro,9,False,False,686,8232,Pro,14,annual,True,2024-11-07,11,2,1,80.0,2.0,9.0,44.0,0.0,,0.0,,0.0,2024-07-19,budget,1.0,634,81.81818181818183,,100,15,100.0,70,70.0,78.2,Green
A-eb7c38,Company_47,DevTools,AU,2024-02-25,organic,Enterprise,5,False,False,627,7524,Basic,33,annual,True,,15,3,1,85.0,4.0,8.0,117.0,0.0,,0.0,,0.0,2024-03-22,budget,1.0,310,-27.350427350427353,,25,15,100.0,60,70.0,53.8,Yellow
A-c37601,Company_48,EdTech,US,2024-10-31,partner,Basic,6,True,False,10746,128952,Enterprise,54,monthly,False,,12,0,0,69.0,0.0,7.0,43.0,0.0,,0.0,,0.0,2024-12-17,support,1.0,61,60.46511627906976,,100,15,100.0,50,60.0,73.2,Yellow
A-3b5cd1,Company_49,FinTech,US,2023-09-12,event,Basic,13,True,False,6368,76416,Enterprise,32,annual,True,,13,2,1,98.0,4.0,10.0,76.0,1.0,60.0,0.0,,1.0,2024-08-30,unknown,3.0,476,28.947368421052634,0.03125,100,40,85.0,70,70.0,78.2,Green
A-b2225d,Company_50,FinTech,US,2024-03-08,ads,Basic,47,False,True,893,10716,Basic,47,annual,True,,12,1,1,81.0,4.0,7.0,121.0,0.0,,0.0,,0.0,2024-06-27,budget,3.0,298,-33.057851239669425,,25,15,100.0,60,50.0,51.8,Yellow
A-94f8c9,Company_51,HealthTech,US,2024-03-29,other,Basic,13,False,False,2587,31044,Enterprise,13,monthly,True,,16,2,1,78.0,10.0,9.0,64.0,0.0,,0.0,,0.0,2024-05-02,budget,1.0,277,21.875,,100,15,100.0,60,80.0,77.2,Green
A-02fac6,Company_52,FinTech,US,2023-04-06,event,Pro,22,False,False,1078,12936,Pro,22,monthly,True,,11,1,0,113.0,2.0,11.0,46.0,0.0,,0.0,,0.0,2024-08-21,support,1.0,635,145.65217391304347,,100,40,100.0,85,60.0,84.0,Green
A-c1dfe1,Company_53,DevTools,DE,2023-08-07,ads,Pro,26,False,False,494,5928,Basic,26,monthly,False,,8,1,2,32.0,3.0,4.0,18.0,0.0,,0.0,,0.0,2024-06-06,features,2.0,512,77.77777777777779,,100,15,100.0,40,40.0,69.2,Yellow
A-32728c,Company_54,DevTools,US,2023-01-03,event,Pro,20,False,True,798,9576,Basic,42,annual,True,,8,1,0,28.0,2.0,2.0,33.0,0.0,,0.0,,0.0,2024-07-19,budget,3.0,728,-15.151515151515152,,50,15,100.0,85,50.0,64.2,Yellow
A-4c38bc,Company_55,HealthTech,UK,2024-03-09,event,Basic,36,False,True,1764,21168,Pro,36,annual,True,2024-12-28,16,2,0,106.0,3.0,11.0,123.0,0.0,,0.0,,0.0,,,0.0,297,-13.821138211382115,,50,40,100.0,75,80.0,69.0,Yellow
A-1b707d,Company_56,Cybersecurity,US,2023-07-14,organic,Enterprise,1,False,False,0,0,Basic,2,annual,False,,8,1,0,79.0,5.0,8.0,81.0,1.0,32.0,0.0,,0.0,2023-07-21,competitor,1.0,536,-2.4691358024691357,0.5,50,15,95.0,70,50.0,60.0,Yellow
A-6f8ad2,Company_57,EdTech,IN,2024-07-09,organic,Basic,1,False,False,779,9348,Basic,41,annual,False,,17,2,1,105.0,7.0,12.0,177.0,2.0,42.5,0.0,5.0,0.0,,,0.0,175,-40.67796610169492,0.04878048780487805,25,40,100.0,35,80.0,53.5,Yellow
A-4d1e75,Company_58,DevTools,US,2024-08-21,other,Basic,20,False,False,380,4560,Basic,20,monthly,False,,13,3,1,47.0,1.0,6.0,69.0,0.0,,0.0,,0.0,2024-09-05,budget,1.0,132,-31.88405797101449,,25,15,100.0,35,60.0,47.8,Red
A-9ee962,Company_59,HealthTech,US,2023-02-28,ads,Basic,9,False,True,171,2052,Basic,9,annual,True,,9,3,1,23.0,0.0,2.0,28.0,0.0,,0.0,,0.0,2024-10-03,support,1.0,672,-17.857142857142858,,50,15,100.0,70,60.0,62.2,Yellow
A-378b99,Company_60,EdTech,UK,2024-09-01,ads,Pro,8,True,False,784,9408,Pro,16,annual,True,,12,1,1,85.0,1.0,8.0,42.0,0.0,,0.0,,0.0,2024-10-12,pricing,1.0,121,102.38095238095238,,100,15,100.0,50,60.0,73.2,Yellow
A-94d3da,Company_61,HealthTech,US,2023-05-03,other,Basic,41,False,False,779,9348,Basic,41,monthly,True,,12,1,0,51.0,1.0,5.0,32.0,2.0,20.5,0.0,3.0,2.0,2024-04-12,competitor,1.0,608,59.375,0.04878048780487805,100,15,70.0,85,60.0,72.8,Yellow
A-e351e1,Company_62,EdTech,US,2024-09-26,other,Enterprise,33,False,False,627,7524,Basic,33,annual,True,2024-12-29,5,0,0,69.0,3.0,6.0,50.0,2.0,3.5,0.0,3.5,0.0,2024-12-04,support,3.0,96,38.0,0.06060606060606061,100,15,90.0,65,40.0,71.8,Yellow
A-9badbd,Company_63,Cybersecurity,DE,2024-06-19,ads,Enterprise,5,True,False,11741,140892,Enterprise,59,monthly,True,2024-12-30,13,0,0,82.0,6.0,8.0,148.0,1.0,16.0,0.0,,0.0,,,0.0,195,-44.5945945945946,0.01694915254237288,25,15,95.0,75,70.0,55.5,Yellow
A-7e0a10,Company_64,FinTech,US,2023-11-18,ads,Enterprise,46,False,False,13930,167160,Enterprise,70,annual,True,,10,1,0,80.0,1.0,7.0,43.0,1.0,46.0,0.0,,1.0,2024-09-26,budget,1.0,409,86.04651162790698,0.014285714285714285,100,15,85.0,85,70.0,77.5,Green
A-118d55,Company_65,Cybersecurity,US,2024-10-22,organic,Basic,8,False,False,5771,69252,Enterprise,29,monthly,True,2024-12-31,12,3,4,74.0,2.0,8.0,100.0,2.0,30.5,0.0,4.0,0.0,2024-12-27,pricing,2.0,70,-26.0,0.06896551724137931,25,15,100.0,35,70.0,48.8,Red
A-526d93,Company_66,HealthTech,FR,2024-04-14,organic,Basic,43,False,False,8557,102684,Enterprise,43,annual,False,2024-11-10,9,2,0,105.0,4.0,9.0,54.0,1.0,54.0,0.0,,0.0,2024-09-25,support,3.0,261,94.44444444444444,0.023255813953488372,100,15,95.0,60,70.0,75.0,Green
A-f92792,Company_67,FinTech,US,2024-07-04,ads,Pro,1,False,False,361,4332,Basic,19,annual,False,,14,1,1,61.0,5.0,6.0,40.0,1.0,20.0,0.0,,0.0,2024-11-03,features,1.0,180,52.5,0.05263157894736842,100,15,95.0,45,50.0,70.0,Yellow
A-84ebe4,Company_68,FinTech,US,2023-03-12,ads,Pro,18,True,True,7164,85968,Enterprise,36,monthly,True,,11,0,0,79.0,2.0,8.0,43.0,2.0,20.0,0.0,4.0,0.0,2024-01-20,support,2.0,660,83.72093023255815,0.05555555555555555,100,15,100.0,85,50.0,79.2,Green
A-5b4ebb,Company_69,Cybersecurity,UK,2024-07-10,other,Basic,21,True,True,1470,17640,Pro,30,annual,True,,13,1,0,53.0,1.0,5.0,125.0,1.0,17.0,0.0,5.0,0.0,,,0.0,174,-57.599999999999994,0.03333333333333333,0,15,100.0,65,70.0,47.2,Red
A-2922b6,Company_70,HealthTech,US,2024-11-14,organic,Basic,15,False,False,980,11760,Pro,20,annual,False,,6,1,0,77.0,4.0,7.0,40.0,2.0,15.5,0.0,4.0,2.0,2024-12-25,competitor,1.0,47,92.5,0.1,100,15,80.0,50,60.0,68.2,Yellow
A-9b9fe9,Company_71,EdTech,AU,2023-09-28,other,Basic,5,False,False,9950,119400,Enterprise,50,monthly,True,,12,0,1,104.0,5.0,9.0,97.0,1.0,8.0,0.0,,1.0,2024-09-04,features,2.0,460,7.216494845360824,0.02,80,15,85.0,70,50.0,66.5,Yellow
A-a8b49c,Company_72,Cybersecurity,UK,2023-10-06,partner,Basic,7,False,False,343,4116,Pro,7,annual,True,,12,1,0,49.0,0.0,4.0,75.0,0.0,,0.0,,0.0,2024-06-17,features,1.0,452,-34.66666666666667,,25,15,100.0,85,50.0,56.8,Yellow
A-9174e0,Company_73,Cybersecurity,US,2024-12-04,partner,Basic,37,False,False,7363,88356,Enterprise,37,annual,True,,15,2,0,55.0,8.0,6.0,67.0,1.0,25.0,0.0,5.0,1.0,,,0.0,27,-17.91044776119403,0.02702702702702703,50,15,95.0,65,90.0,63.0,Yellow
A-a1bbb6,Company_74,DevTools,CA,2023-04-05,organic,Basic,1,False,False,0,0,Pro,15,annual,True,,8,0,0,58.0,0.0,5.0,19.0,0.0,,0.0,,0.0,,,0.0,636,205.26315789473685,,100,15,100.0,85,50.0,79.2,Green
A-c45b23,Company_75,FinTech,UK,2023-12-08,partner,Basic,5,False,False,5174,62088,Enterprise,26,annual,True,2024-12-15,12,0,0,44.0,1.0,5.0,83.0,1.0,42.0,0.0,,1.0,2024-03-24,support,1.0,389,-46.98795180722892,0.038461538461538464,25,15,85.0,85,60.0,54.0,Yellow
A-02cd81,Company_76,HealthTech,IN,2024-03-28,other,Basic,44,False,False,2156,25872,Pro,44,annual,True,,14,0,0,60.0,6.0,7.0,139.0,0.0,,0.0,,0.0,2024-04-30,pricing,1.0,278,-56.83453237410072,,0,15,100.0,75,60.0,48.2,Red
A-ee42db,Company_77,EdTech,DE,2023-04-25,ads,Enterprise,13,False,False,570,6840,Basic,30,monthly,True,,12,1,1,120.0,7.0,11.0,32.0,0.0,,0.0,,0.0,2024-11-12,unknown,4.0,616,275.0,,100,40,100.0,70,50.0,80.0,Green
A-432483,Company_78,Cybersecurity,US,2023-02-06,ads,Pro,4,False,False,1519,18228,Pro,31,annual,True,,9,1,0,83.0,4.0,7.0,64.0,0.0,,0.0,,0.0,,,0.0,694,29.6875,,100,15,100.0,85,70.0,81.2,Green
A-9208f0,Company_79,EdTech,US,2023-05-11,organic,Pro,1,False,True,0,0,Basic,17,annual,True,,8,1,0,50.0,4.0,4.0,51.0,1.0,67.0,0.0,3.0,0.0,2024-11-09,features,4.0,600,-1.9607843137254901,0.058823529411764705,50,15,95.0,85,40.0,62.0,Yellow
A-98a59a,Company_80,FinTech,UK,2023-08-04,partner,Enterprise,56,False,False,2744,32928,Pro,56,annual,True,,10,2,1,50.0,0.0,4.0,49.0,1.0,27.0,0.0,4.0,1.0,2024-09-11,support,1.0,515,2.0408163265306123,0.017857142857142856,80,15,95.0,70,80.0,72.0,Yellow
A-fe79a5,Company_81,HealthTech,IN,2024-02-21,ads,Basic,9,True,False,1791,21492,Enterprise,9,annual,True,,10,2,0,21.0,5.0,3.0,59.0,1.0,7.0,0.0,,1.0,,,0.0,314,-64.40677966101694,0.1111111111111111,0,15,85.0,75,80.0,46.5,Red
A-726cfa,Company_82,DevTools,US,2023-07-01,partner,Pro,11,False,False,7562,90744,Enterprise,38,monthly,False,,19,2,0,113.0,3.0,10.0,121.0,0.0,,0.0,,0.0,2024-08-08,support,1.0,549,-6.6115702479338845,,50,40,100.0,70,80.0,68.0,Yellow
A-c43359,Company_83,FinTech,US,2024-11-16,organic,Pro,38,False,False,722,8664,Basic,38,monthly,True,,8,2,1,76.0,9.0,8.0,34.0,0.0,,0.0,,0.0,2024-12-19,support,2.0,45,123.52941176470588,,100,15,100.0,50,60.0,73.2,Yellow
A-271f46,Company_84,DevTools,US,2023-02-09,event,Pro,38,False,True,9154,109848,Enterprise,46,monthly,True,,8,0,0,65.0,3.0,6.0,16.0,0.0,,0.0,,0.0,2024-08-09,features,2.0,691,306.25,,100,15,100.0,85,50.0,79.2,Green
A-157070,Company_85,FinTech,US,2023-11-09,ads,Pro,16,False,False,722,8664,Basic,38,annual,True,2024-12-26,16,2,1,73.0,2.0,8.0,166.0,1.0,60.0,0.0,3.0,0.0,2024-12-27,features,2.0,418,-56.024096385542165,0.02631578947368421,0,15,95.0,70,60.0,46.0,Red
A-40a557,Company_86,Cybersecurity,AU,2023-12-03,partner,Pro,16,True,False,3184,38208,Enterprise,16,monthly,True,,9,1,0,26.0,0.0,4.0,55.0,2.0,26.0,0.0,5.0,2.0,2023-12-08,budget,1.0,394,-52.72727272727272,0.125,0,15,80.0,85,70.0,46.2,Red
A-66224b,Company_87,HealthTech,US,2024-10-18,other,Pro,92,True,False,0,0,Enterprise,92,annual,True,,12,0,0,52.0,3.0,5.0,164.0,2.0,43.0,0.0,4.0,1.0,,,0.0,74,-68.29268292682927,0.021739130434782608,0,15,90.0,65,50.0,42.8,Red
A-91e948,Company_88,EdTech,AU,2023-01-29,partner,Basic,41,False,False,8159,97908,Enterprise,41,monthly,True,,7,2,0,40.0,0.0,4.0,35.0,0.0,,0.0,,0.0,,,0.0,702,14.285714285714285,,80,15,100.0,85,90.0,77.2,Green
A-104f1a,Company_89,Cybersecurity,US,2024-08-17,other,Pro,24,False,False,646,7752,Basic,34,monthly,True,,8,0,0,65.0,4.0,7.0,26.0,1.0,12.0,0.0,,0.0,2024-12-11,unknown,3.0,136,150.0,0.029411764705882353,100,15,95.0,65,40.0,73.0,Yellow
A-7988d1,Company_90,Cybersecurity,US,2023-12-20,other,Basic,33,False,False,0,0,Basic,33,monthly,True,,9,0,0,90.0,8.0,10.0,61.0,1.0,45.0,0.0,3.0,1.0,2024-12-24,unknown,3.0,377,47.540983606557376,0.030303030303030304,100,40,85.0,85,30.0,77.2,Green
A-faa28c,Company_91,HealthTech,US,2024-01-30,organic,Enterprise,48,False,False,2352,28224,Pro,48,monthly,True,,14,3,0,90.0,7.0,8.0,33.0,1.0,54.0,0.0,,0.0,2024-08-20,features,2.0,336,172.72727272727272,0.020833333333333332,100,15,95.0,75,70.0,78.0,Green
A-f25509,Company_92,EdTech,US,2024-03-22,other,Enterprise,32,False,False,1083,12996,Basic,57,annual,True,,5,0,1,27.0,2.0,2.0,35.0,0.0,,0.0,,0.0,2024-11-10,features,3.0,284,-22.857142857142858,,25,15,100.0,60,40.0,50.8,Yellow
A-3a7284,Company_93,FinTech,US,2024-11-17,organic,Enterprise,31,False,False,1519,18228,Pro,31,annual,True,,12,1,2,89.0,0.0,7.0,111.0,0.0,,0.0,,0.0,2024-12-26,unknown,1.0,44,-19.81981981981982,,50,15,100.0,35,60.0,55.2,Yellow
A-3a5ad8,Company_94,HealthTech,US,2023-12-05,organic,Enterprise,9,True,False,0,0,Enterprise,22,annual,True,,13,1,1,48.0,1.0,5.0,78.0,1.0,14.0,0.0,5.0,1.0,,,0.0,392,-38.46153846153847,0.045454545454545456,25,15,95.0,70,60.0,53.5,Yellow
A-65a46c,Company_95,HealthTech,US,2023-11-04,event,Pro,1,False,False,1715,20580,Pro,35,annual,True,,8,2,0,84.0,3.0,8.0,55.0,2.0,50.5,0.0,4.5,2.0,,,0.0,423,52.72727272727272,0.05714285714285714,100,15,80.0,85,80.0,77.2,Green
A-8b25f2,Company_96,Cybersecurity,US,2024-02-17,ads,Pro,6,False,True,2587,31044,Enterprise,13,monthly,True,,13,1,2,76.0,0.0,7.0,72.0,0.0,,0.0,,0.0,,,0.0,318,5.555555555555555,,80,15,100.0,45,80.0,68.2,Yellow
A-fabe19,Company_97,DevTools,UK,2024-11-11,ads,Enterprise,1,False,False,0,0,Enterprise,1,monthly,False,,7,2,0,54.0,1.0,4.0,42.0,0.0,,0.0,,0.0,,,0.0,50,28.57142857142857,,100,15,100.0,50,70.0,74.2,Yellow
A-adc1f3,Company_98,Cybersecurity,US,2024-08-05,organic,Pro,2,False,False,995,11940,Enterprise,5,monthly,True,,9,0,0,54.0,2.0,6.0,19.0,0.0,,0.0,,0.0,,,0.0,148,184.21052631578948,,100,15,100.0,65,60.0,76.2,Green
A-503d5a,Company_99,FinTech,US,2023-10-21,other,Enterprise,4,False,True,11144,133728,Enterprise,56,annual,False,,12,0,1,150.0,9.0,11.0,40.0,2.0,35.0,0.0,4.0,0.0,,,0.0,437,275.0,0.03571428571428571,100,40,100.0,55,70.0,79.0,Green
A-fd7ad3,Company_100,Cybersecurity,US,2024-11-01,event,Enterprise,1,False,False,551,6612,Basic,29,monthly,True,,10,2,0,46.0,5.0,4.0,68.0,2.0,52.0,0.0,5.0,0.0,2024-12-31,unknown,4.0,60,-32.35294117647059,0.06896551724137931,25,15,100.0,65,60.0,53.8,Yellow
A-186a44,Company_101,HealthTech,US,2023-08-07,ads,Enterprise,20,False,False,380,4560,Basic,20,monthly,False,2024-12-25,14,1,1,92.0,4.0,7.0,88.0,1.0,24.0,0.0,4.0,1.0,,,0.0,512,4.545454545454546,0.05,80,15,95.0,55,60.0,67.0,Yellow
A-e888d1,Company_102,Cybersecurity,US,2023-03-28,other,Pro,14,False,False,833,9996,Pro,17,monthly,True,,11,1,0,64.0,4.0,6.0,85.0,0.0,,0.0,,0.0,2024-11-29,features,3.0,644,-24.705882352941178,,25,15,100.0,85,50.0,56.8,Yellow
A-69fad4,Company_103,FinTech,UK,2023-04-06,ads,Basic,6,False,True,0,0,Pro,13,monthly,True,,7,0,0,78.0,4.0,7.0,32.0,0.0,,0.0,,0.0,2024-06-17,support,1.0,635,143.75,,100,15,100.0,85,40.0,78.2,Green
A-9289f6,Company_104,EdTech,US,2023-05-31,event,Enterprise,1,False,False,1225,14700,Pro,25,annual,False,,12,2,0,87.0,2.0,6.0,81.0,2.0,61.5,0.0,5.0,1.0,2023-08-24,support,1.0,580,7.4074074074074066,0.08,80,15,90.0,70,70.0,69.8,Yellow
A-f19409,Company_105,DevTools,US,2023-03-16,other,Basic,23,False,True,665,7980,Basic,35,annual,False,,12,2,0,103.0,9.0,9.0,83.0,1.0,1.0,0.0,4.0,1.0,2023-05-25,features,2.0,656,24.096385542168676,0.02857142857142857,100,15,95.0,70,60.0,76.0,Green
A-22f2df,Company_106,DevTools,US,2024-12-14,ads,Basic,3,False,False,209,2508,Basic,11,annual,True,,9,1,1,45.0,5.0,5.0,32.0,0.0,,0.0,,0.0,,,0.0,17,40.625,,100,15,100.0,50,60.0,73.2,Yellow
A-039727,Company_107,EdTech,AU,2024-11-02,organic,Pro,25,False,False,4975,59700,Enterprise,25,annual,True,2024-12-30,15,3,2,66.0,2.0,6.0,137.0,0.0,,0.0,,0.0,2024-12-22,pricing,1.0,59,-51.82481751824818,,0,15,100.0,35,80.0,42.2,Red
A-2e3bad,Company_108,FinTech,CA,2023-08-13,other,Pro,61,False,False,1159,13908,Basic,61,monthly,True,2024-12-27,10,0,0,32.0,2.0,4.0,35.0,0.0,,0.0,,0.0,2024-03-30,features,1.0,506,-8.571428571428571,,50,15,100.0,85,50.0,64.2,Yellow
A-484819,Company_109,HealthTech,US,2023-02-21,organic,Pro,18,False,False,3582,42984,Enterprise,18,monthly,True,,8,3,0,17.0,0.0,2.0,41.0,0.0,,0.0,,0.0,2023-12-29,support,2.0,679,-58.536585365853654,,0,15,100.0,85,70.0,51.2,Yellow
A-425e76,Company_110,DevTools,UK,2023-05-17,other,Enterprise,8,False,True,1791,21492,Enterprise,9,annual,True,,11,1,0,33.0,0.0,4.0,77.0,0.0,,0.0,,0.0,2024-10-22,competitor,4.0,594,-57.14285714285714,,0,15,100.0,85,50.0,49.2,Red
A-e83938,Company_111,DevTools,UK,2023-11-21,other,Pro,2,True,True,1026,12312,Basic,54,annual,False,,8,2,0,24.0,1.0,3.0,43.0,1.0,3.0,0.0,3.0,0.0,2024-12-29,budget,3.0,406,-44.18604651162791,0.018518518518518517,25,15,95.0,70,60.0,53.5,Yellow
A-ad296b,Company_112,DevTools,AU,2024-07-15,event,Pro,38,False,False,1862,22344,Pro,38,annual,True,,6,0,0,36.0,2.0,4.0,30.0,0.0,,0.0,,0.0,,,0.0,169,20.0,,100,15,100.0,65,60.0,76.2,Green
A-e51ec7,Company_113,FinTech,CA,2023-09-23,partner,Enterprise,2,False,False,1990,23880,Enterprise,10,monthly,True,,8,2,1,33.0,0.0,3.0,25.0,1.0,45.0,0.0,5.0,1.0,2024-04-07,budget,3.0,465,32.0,0.1,100,15,95.0,70,60.0,76.0,Green
A-0aaf6e,Company_114,FinTech,US,2024-05-11,organic,Enterprise,3,False,False,3582,42984,Enterprise,18,monthly,True,,9,0,0,97.0,5.0,9.0,50.0,1.0,59.0,0.0,5.0,0.0,,,0.0,234,94.0,0.05555555555555555,100,15,100.0,75,70.0,79.2,Green
A-e61e98,Company_115,FinTech,US,2023-10-20,partner,Enterprise,19,False,True,6766,81192,Enterprise,34,annual,True,,9,2,0,18.0,3.0,3.0,157.0,1.0,5.0,0.0,,0.0,2024-10-19,features,1.0,438,-88.53503184713377,0.029411764705882353,0,15,95.0,85,80.0,51.0,Yellow
A-92a333,Company_116,FinTech,US,2023-03-24,event,Enterprise,9,False,False,171,2052,Basic,9,monthly,True,,6,0,1,79.0,9.0,7.0,48.0,0.0,,0.0,,0.0,,,0.0,648,64.58333333333334,,100,15,100.0,70,50.0,76.2,Green
A-95b24a,Company_117,FinTech,US,2023-06-06,event,Pro,38,False,True,0,0,Pro,38,annual,True,,11,4,1,91.0,3.0,10.0,41.0,0.0,,0.0,,0.0,,,0.0,574,121.95121951219512,,100,40,100.0,70,70.0,82.0,Green
A-42e5e1,Company_118,DevTools,US,2024-07-09,ads,Pro,1,False,True,490,5880,Pro,10,annual,False,,7,1,1,66.0,10.0,7.0,42.0,0.0,,0.0,,0.0,2024-10-04,pricing,1.0,175,57.14285714285714,,100,15,100.0,35,50.0,69.2,Yellow
A-7d514c,Company_119,HealthTech,DE,2024-02-03,organic,Enterprise,17,False,False,3383,40596,Enterprise,17,monthly,True,,9,2,0,51.0,5.0,5.0,49.0,1.0,52.0,0.0,,1.0,,,0.0,332,4.081632653061225,0.058823529411764705,80,15,85.0,75,90.0,71.5,Yellow
A-65aeb5,Company_120,DevTools,US,2024-01-25,partner,Pro,9,False,False,171,2052,Basic,9,annual,True,2024-12-03,12,0,1,65.0,4.0,5.0,71.0,0.0,,0.0,,0.0,2024-12-02,budget,2.0,341,-8.450704225352112,,50,15,100.0,60,30.0,57.2,Yellow
A-e2cd1b,Company_121,DevTools,US,2024-02-04,other,Enterprise,15,False,False,3184,38208,Enterprise,16,annual,True,,9,1,0,60.0,4.0,7.0,58.0,0.0,,0.0,,0.0,,,0.0,331,3.4482758620689653,,80,15,100.0,75,80.0,74.2,Yellow
A-180abf,Company_122,DevTools,US,2023-08-14,event,Pro,64,False,True,3136,37632,Pro,64,monthly,True,,9,2,0,46.0,1.0,5.0,76.0,0.0,,0.0,,0.0,2024-09-12,support,5.0,505,-39.473684210526315,,25,15,100.0,85,70.0,58.8,Yellow
A-f17767,Company_123,DevTools,US,2023-01-30,event,Enterprise,1,True,True,735,8820,Pro,15,annual,True,,14,3,1,51.0,4.0,5.0,88.0,0.0,,0.0,,0.0,2023-05-03,pricing,1.0,701,-42.04545454545455,,25,15,100.0,70,70.0,55.8,Yellow
A-5a184f,Company_124,DevTools,DE,2023-06-19,other,Enterprise,1,False,True,684,8208,Basic,36,annual,True,2024-12-13,10,0,1,116.0,6.0,11.0,67.0,0.0,,0.0,,0.0,2024-09-11,support,3.0,561,73.13432835820896,,100,40,100.0,70,40.0,79.0,Green
A-7df7a7,Company_125,DevTools,US,2023-01-28,organic,Basic,7,False,True,5970,71640,Enterprise,30,annual,True,,15,0,2,147.0,10.0,11.0,105.0,0.0,,0.0,,0.0,2024-07-10,budget,1.0,703,40.0,,100,40,100.0,55,60.0,78.0,Green
A-1ac5e0,Company_126,DevTools,US,2024-10-20,event,Basic,33,False,True,0,0,Enterprise,33,monthly,False,,10,0,0,62.0,3.0,6.0,62.0,0.0,,0.0,,0.0,,,0.0,72,0.0,,80,15,100.0,50,50.0,66.2,Yellow
A-52dd88,Company_127,Cybersecurity,US,2023-02-21,ads,Pro,23,False,False,1470,17640,Pro,30,annual,True,,11,1,0,61.0,6.0,5.0,54.0,0.0,,0.0,,0.0,,,0.0,679,12.962962962962962,,80,15,100.0,85,70.0,75.2,Green
A-bece89,Company_128,Cybersecurity,IN,2023-12-01,event,Pro,26,False,False,1862,22344,Pro,38,annual,True,,6,1,0,44.0,6.0,4.0,18.0,0.0,,0.0,,0.0,2024-07-27,unknown,2.0,396,144.44444444444443,,100,15,100.0,85,50.0,79.2,Green
A-029f69,Company_129,Cybersecurity,CA,2024-03-07,event,Basic,3,False,False,646,7752,Basic,34,annual,True,,16,2,0,38.0,8.0,4.0,103.0,0.0,,0.0,,0.0,2024-12-14,competitor,3.0,299,-63.10679611650486,,0,15,100.0,75,60.0,48.2,Red
A-5c046d,Company_130,EdTech,FR,2024-07-06,partner,Basic,93,False,False,18507,222084,Enterprise,93,annual,True,,8,0,0,42.0,4.0,4.0,27.0,0.0,,0.0,,0.0,,,0.0,178,55.55555555555556,,100,15,100.0,65,70.0,77.2,Green
A-fb186e,Company_131,EdTech,IN,2024-10-27,organic,Basic,29,False,False,0,0,Enterprise,29,annual,True,,3,0,0,21.0,3.0,2.0,26.0,0.0,,0.0,,0.0,,,0.0,65,-19.230769230769234,,50,15,100.0,65,50.0,60.2,Yellow
A-ae052e,Company_132,FinTech,CA,2023-09-11,other,Basic,39,False,False,0,0,Basic,39,annual,True,,6,1,1,27.0,0.0,4.0,13.0,0.0,,0.0,,0.0,2024-12-14,competitor,4.0,477,107.6923076923077,,100,15,100.0,70,40.0,75.2,Green
A-9f9299,Company_133,FinTech,US,2023-09-02,organic,Enterprise,28,True,False,1372,16464,Pro,28,annual,True,,15,0,0,154.0,10.0,17.0,178.0,2.0,20.0,0.0,5.0,1.0,2024-10-08,competitor,2.0,486,-13.48314606741573,0.07142857142857142,50,40,90.0,85,40.0,64.5,Yellow
A-96e141,Company_134,DevTools,UK,2023-08-12,partner,Basic,14,False,False,4975,59700,Enterprise,25,monthly,True,,7,0,0,45.0,2.0,5.0,31.0,0.0,,0.0,,0.0,2024-09-22,budget,2.0,507,45.16129032258064,,100,15,100.0,85,50.0,79.2,Green
A-117171,Company_135,HealthTech,FR,2024-09-12,organic,Basic,45,False,True,2205,26460,Pro,45,annual,True,2024-12-17,5,0,1,15.0,0.0,2.0,41.0,1.0,49.0,0.0,4.0,0.0,2024-11-14,pricing,3.0,110,-63.41463414634146,0.022222222222222223,0,15,100.0,50,50.0,42.2,Red
A-313be3,Company_136,EdTech,US,2023-11-15,partner,Enterprise,47,True,False,2303,27636,Pro,47,monthly,True,,11,1,0,82.0,7.0,9.0,76.0,1.0,39.0,1.0,5.0,0.0,2024-03-23,features,2.0,412,7.894736842105263,0.02127659574468085,80,15,90.0,85,60.0,71.8,Yellow
A-671f31,Company_137,DevTools,US,2024-11-24,ads,Basic,59,False,False,0,0,Enterprise,82,annual,True,,6,0,1,25.0,2.0,3.0,45.0,0.0,,0.0,,0.0,,,0.0,37,-44.44444444444444,,25,15,100.0,50,50.0,49.8,Red
A-bbc346,Company_138,FinTech,US,2024-08-29,partner,Enterprise,19,False,False,0,0,Pro,19,annual,True,,13,3,2,60.0,0.0,6.0,103.0,0.0,,0.0,,0.0,2024-11-03,competitor,2.0,124,-41.74757281553398,,25,15,100.0,35,50.0,46.8,Red
A-c16101,Company_139,EdTech,IN,2024-09-06,other,Basic,7,False,False,343,4116,Pro,7,monthly,True,,10,1,1,105.0,5.0,10.0,67.0,1.0,34.0,1.0,,1.0,2024-12-19,features,2.0,116,56.71641791044776,0.14285714285714285,100,40,70.0,50,40.0,67.5,Yellow
A-50f3f7,Company_140,HealthTech,US,2023-12-22,partner,Basic,31,False,True,6169,74028,Enterprise,31,annual,True,,15,0,2,129.0,12.0,14.0,70.0,0.0,,0.0,,0.0,,,0.0,375,84.28571428571429,,100,40,100.0,55,70.0,79.0,Green
A-7da956,Company_141,Cybersecurity,US,2024-06-02,event,Pro,13,True,False,2985,35820,Enterprise,15,monthly,True,,12,1,2,84.0,2.0,8.0,86.0,0.0,,0.0,,0.0,,,0.0,212,-2.3255813953488373,,50,15,100.0,45,80.0,59.2,Yellow
A-019782,Company_142,DevTools,FR,2023-04-19,event,Enterprise,11,False,False,0,0,Enterprise,15,annual,False,,9,1,0,64.0,6.0,7.0,110.0,1.0,10.0,0.0,3.0,1.0,,,0.0,622,-41.81818181818181,0.06666666666666667,25,15,85.0,70,60.0,51.0,Yellow
A-df10db,Company_143,DevTools,US,2023-06-06,other,Enterprise,2,True,False,2388,28656,Enterprise,12,monthly,True,,11,2,0,85.0,15.0,8.0,153.0,0.0,,0.0,,0.0,2024-07-12,competitor,2.0,574,-44.44444444444444,,25,15,100.0,85,70.0,58.8,Yellow
A-3932db,Company_144,HealthTech,CA,2023-10-04,other,Pro,19,True,True,0,0,Enterprise,19,monthly,True,,9,2,1,99.0,3.0,9.0,76.0,0.0,,0.0,,0.0,,,0.0,454,30.263157894736842,,100,15,100.0,70,70.0,78.2,Green
A-4f18f0,Company_145,DevTools,CA,2024-04-21,other,Pro,24,True,False,456,5472,Basic,24,monthly,True,,12,0,1,41.0,5.0,4.0,32.0,0.0,,0.0,,0.0,2024-12-01,features,2.0,254,28.125,,100,15,100.0,60,30.0,72.2,Yellow
A-4c6f11,Company_146,FinTech,CA,2023-11-27,organic,Pro,24,True,True,456,5472,Basic,24,monthly,True,,5,0,1,48.0,1.0,4.0,35.0,0.0,,0.0,,0.0,2024-10-18,competitor,2.0,400,37.142857142857146,,100,15,100.0,70,30.0,74.2,Yellow
A-8ae05d,Company_147,FinTech,IN,2024-04-06,other,Enterprise,86,False,False,0,0,Enterprise,86,monthly,True,,7,0,0,47.0,3.0,4.0,11.0,0.0,,0.0,,0.0,2024-08-30,unknown,1.0,269,327.2727272727273,,100,15,100.0,75,40.0,76.2,Green
A-b78bf8,Company_148,DevTools,US,2024-11-15,event,Pro,33,False,False,1617,19404,Pro,33,monthly,True,,8,1,1,46.0,2.0,4.0,48.0,2.0,27.5,0.0,4.0,1.0,2024-12-06,unknown,1.0,46,-4.166666666666666,0.06060606060606061,50,15,90.0,50,60.0,55.8,Yellow
A-eafc6e,Company_149,DevTools,US,2023-07-06,partner,Pro,27,False,True,0,0,Basic,30,monthly,True,,7,0,0,21.0,0.0,2.0,25.0,0.0,,0.0,,0.0,2024-12-12,unknown,2.0,544,-16.0,,50,15,100.0,85,30.0,62.2,Yellow
A-37f969,Company_150,HealthTech,IN,2023-10-14,partner,Enterprise,30,False,False,5970,71640,Enterprise,30,annual,True,,8,2,0,32.0,0.0,3.0,46.0,0.0,,0.0,,0.0,2024-12-12,competitor,4.0,444,-30.434782608695656,,25,15,100.0,85,70.0,58.8,Yellow
A-10b8f2,Company_151,HealthTech,DE,2023-01-11,organic,Basic,47,True,False,2352,28224,Pro,48,annual,True,,12,1,0,75.0,3.0,9.0,102.0,0.0,,0.0,,0.0,2024-06-04,support,1.0,720,-26.47058823529412,,25,15,100.0,85,70.0,58.8,Yellow
A-439b2f,Company_152,DevTools,US,2024-02-21,ads,Enterprise,1,False,True,1274,15288,Pro,26,monthly,True,,6,1,0,18.0,0.0,2.0,11.0,1.0,20.0,0.0,,1.0,2024-11-18,features,2.0,314,63.63636363636363,0.038461538461538464,100,15,85.0,75,50.0,73.5,Yellow
A-544d0a,Company_153,DevTools,US,2024-05-02,organic,Basic,2,True,False,398,4776,Enterprise,2,annual,False,,10,1,2,94.0,5.0,9.0,47.0,0.0,,0.0,,0.0,,,0.0,243,100.0,,100,15,100.0,30,60.0,69.2,Yellow
A-ba6516,Company_154,FinTech,US,2023-10-29,ads,Pro,27,False,False,5373,64476,Enterprise,27,annual,True,,13,1,3,57.0,1.0,5.0,106.0,1.0,15.0,0.0,4.0,0.0,2024-03-17,budget,1.0,429,-46.22641509433962,0.037037037037037035,25,15,100.0,55,70.0,52.8,Yellow
A-712426,Company_155,HealthTech,US,2024-11-10,other,Enterprise,9,False,False,0,0,Enterprise,63,annual,True,,15,2,0,60.0,2.0,6.0,120.0,1.0,32.0,0.0,4.0,0.0,2024-12-23,features,3.0,51,-50.0,0.015873015873015872,25,15,100.0,65,50.0,52.8,Yellow
A-038089,Company_156,DevTools,FR,2023-12-19,other,Pro,5,False,True,95,1140,Basic,5,annual,True,,3,0,0,9.0,0.0,1.0,33.0,0.0,,0.0,,0.0,2024-12-25,features,2.0,378,-72.72727272727273,,0,15,100.0,85,30.0,47.2,Red
A-afa505,Company_157,DevTools,US,2023-12-27,partner,Basic,70,True,False,13930,167160,Enterprise,70,monthly,False,,9,2,1,93.0,3.0,8.0,46.0,0.0,,0.0,,0.0,2024-03-02,support,1.0,370,102.17391304347827,,100,15,100.0,55,80.0,76.2,Green
A-d5a319,Company_158,FinTech,US,2023-05-04,other,Enterprise,15,False,True,2985,35820,Enterprise,15,annual,True,,12,3,2,114.0,13.0,11.0,68.0,0.0,,0.0,,0.0,,,0.0,607,67.64705882352942,,100,40,100.0,55,90.0,81.0,Green
A-f97b9a,Company_159,FinTech,US,2023-07-09,event,Pro,16,False,False,784,9408,Pro,16,annual,True,,11,1,0,88.0,4.0,9.0,56.0,1.0,43.0,0.0,,0.0,,,0.0,541,57.14285714285714,0.0625,100,15,95.0,85,70.0,80.0,Green
A-2f6a32,Company_160,HealthTech,US,2024-08-26,organic,Basic,19,False,False,361,4332,Basic,19,annual,True,,11,1,0,65.0,5.0,7.0,115.0,0.0,,0.0,,0.0,,,0.0,127,-43.47826086956522,,25,15,100.0,65,60.0,53.8,Yellow
A-856b1e,Company_161,FinTech,US,2023-10-31,partner,Basic,19,False,False,0,0,Basic,19,monthly,True,,6,1,0,50.0,4.0,5.0,40.0,0.0,,0.0,,0.0,,,0.0,427,25.0,,100,15,100.0,85,60.0,80.2,Green
A-17939a,Company_162,HealthTech,US,2024-12-26,organic,Basic,1,False,False,266,3192,Basic,14,annual,True,,11,0,0,39.0,2.0,4.0,54.0,0.0,,0.0,,0.0,,,0.0,5,-27.77777777777778,,25,15,100.0,65,50.0,52.8,Yellow
A-d27f50,Company_163,Cybersecurity,UK,2024-07-20,ads,Enterprise,44,False,False,836,10032,Basic,44,annual,False,2024-12-29,12,1,0,57.0,2.0,7.0,17.0,0.0,,0.0,,0.0,,,0.0,164,235.29411764705884,,100,15,100.0,50,70.0,74.2,Yellow
A-e36807,Company_164,EdTech,AU,2024-05-17,other,Pro,6,False,False,1791,21492,Enterprise,9,monthly,True,,10,0,0,89.0,1.0,10.0,14.0,0.0,,0.0,,0.0,,,0.0,228,535.7142857142857,,100,40,100.0,75,60.0,82.0,Green
A-ff79f2,Company_165,DevTools,US,2024-04-25,ads,Basic,8,False,True,3781,45372,Enterprise,19,annual,True,2024-12-31,9,2,0,49.0,1.0,6.0,25.0,0.0,,0.0,,0.0,,,0.0,250,96.0,,100,15,100.0,75,90.0,81.2,Green
A-5b1bcd,Company_166,DevTools,US,2023-09-16,organic,Pro,73,False,False,3577,42924,Pro,73,annual,False,,15,3,0,115.0,14.0,10.0,92.0,1.0,5.0,0.0,5.0,1.0,2024-08-07,competitor,1.0,472,25.0,0.0136986301369863,100,40,95.0,70,80.0,81.8,Green
A-71615e,Company_167,EdTech,US,2024-05-18,organic,Basic,15,False,False,735,8820,Pro,15,annual,True,,13,3,0,84.0,3.0,9.0,125.0,0.0,,0.0,,0.0,2024-07-16,pricing,1.0,227,-32.800000000000004,,25,15,100.0,75,70.0,56.8,Yellow
A-794a0b,Company_168,HealthTech,DE,2023-06-02,organic,Basic,23,False,False,6169,74028,Enterprise,31,monthly,True,,7,0,0,92.0,1.0,8.0,53.0,0.0,,0.0,,0.0,2024-09-09,budget,1.0,578,73.58490566037736,,100,15,100.0,85,60.0,80.2,Green
A-86902e,Company_169,HealthTech,IN,2023-05-02,other,Enterprise,34,False,False,6766,81192,Enterprise,34,annual,True,,10,2,0,97.0,9.0,10.0,81.0,0.0,,0.0,,0.0,2024-12-07,features,1.0,609,19.753086419753085,,80,40,100.0,85,80.0,80.0,Green
A-0532a9,Company_170,FinTech,IN,2024-09-25,event,Pro,19,False,False,931,11172,Pro,19,annual,False,,10,4,1,91.0,4.0,9.0,90.0,1.0,27.0,0.0,,0.0,2024-10-09,pricing,1.0,97,1.1111111111111112,0.05263157894736842,80,15,95.0,35,70.0,64.0,Yellow
A-9779ad,Company_171,Cybersecurity,AU,2024-03-29,event,Pro,40,True,True,7960,95520,Enterprise,40,monthly,False,,10,0,0,60.0,3.0,5.0,37.0,2.0,26.5,0.0,5.0,1.0,2024-08-11,features,3.0,277,62.16216216216216,0.05,100,15,90.0,60,50.0,71.8,Yellow
A-f45426,Company_172,HealthTech,US,2024-08-05,organic,Basic,9,False,False,441,5292,Pro,9,monthly,False,,11,0,3,123.0,7.0,12.0,81.0,0.0,,0.0,,0.0,2024-11-13,pricing,2.0,148,51.85185185185185,,100,40,100.0,20,30.0,68.0,Yellow
A-c1e51e,Company_173,FinTech,US,2024-10-02,organic,Basic,3,False,False,779,9348,Basic,41,annual,True,2024-12-31,10,1,1,50.0,0.0,5.0,33.0,1.0,64.0,0.0,3.0,1.0,2024-12-20,support,2.0,90,51.515151515151516,0.024390243902439025,100,15,85.0,50,50.0,68.5,Yellow
A-fa3095,Company_174,FinTech,US,2023-09-03,ads,Basic,70,False,False,1330,15960,Basic,70,annual,True,,12,0,0,96.0,6.0,8.0,87.0,2.0,51.0,0.0,,1.0,2023-12-23,support,1.0,485,10.344827586206897,0.02857142857142857,80,15,80.0,85,50.0,68.2,Yellow
A-ad64c6,Company_175,DevTools,UK,2024-02-23,event,Pro,12,False,False,5572,66864,Enterprise,28,annual,True,,6,0,0,13.0,0.0,1.0,16.0,2.0,32.0,0.0,,1.0,2024-07-29,unknown,2.0,312,-18.75,0.07142857142857142,50,15,80.0,75,50.0,57.2,Yellow
A-39b19f,Company_176,FinTech,US,2023-02-03,partner,Enterprise,1,False,False,247,2964,Basic,13,monthly,True,,11,1,1,9.0,0.0,1.0,72.0,1.0,43.0,1.0,5.0,0.0,2023-03-11,unknown,1.0,697,-87.5,0.07692307692307693,0,15,90.0,70,50.0,43.8,Red
A-56962b,Company_177,EdTech,UK,2024-04-09,partner,Enterprise,163,False,False,32437,389244,Enterprise,163,monthly,True,,7,1,0,57.0,7.0,5.0,28.0,0.0,,0.0,,0.0,2024-08-26,pricing,2.0,266,103.57142857142858,,100,15,100.0,75,60.0,78.2,Green
A-e60f9d,Company_178,FinTech,US,2024-08-26,other,Basic,29,False,False,722,8664,Basic,38,annual,True,2024-12-28,15,0,2,62.0,0.0,5.0,89.0,0.0,,0.0,,0.0,,,0.0,127,-30.337078651685395,,25,15,100.0,35,60.0,47.8,Red
A-88c6ca,Company_179,FinTech,DE,2024-10-25,ads,Basic,5,False,True,1127,13524,Pro,23,annual,True,,7,0,0,58.0,2.0,6.0,70.0,0.0,,0.0,,0.0,,,0.0,67,-17.142857142857142,,50,15,100.0,65,60.0,61.2,Yellow
A-158f4e,Company_180,FinTech,IN,2023-03-03,other,Enterprise,61,False,False,12139,145668,Enterprise,61,monthly,True,,12,0,0,33.0,2.0,4.0,54.0,0.0,,0.0,,0.0,2024-12-04,features,2.0,669,-38.88888888888889,,25,15,100.0,85,50.0,56.8,Yellow
A-5b051a,Company_181,Cybersecurity,US,2024-08-05,event,Enterprise,22,False,False,1078,12936,Pro,22,monthly,True,,4,0,0,49.0,7.0,4.0,23.0,0.0,,0.0,,0.0,,,0.0,148,113.04347826086956,,100,15,100.0,65,60.0,76.2,Green
A-296d7c,Company_182,DevTools,DE,2023-11-08,other,Enterprise,2,False,False,294,3528,Pro,6,annual,True,,7,0,0,25.0,1.0,3.0,40.0,0.0,,0.0,,0.0,2024-11-04,budget,1.0,419,-37.5,,25,15,100.0,85,40.0,55.8,Yellow
A-1619f8,Company_183,DevTools,US,2024-05-20,organic,Pro,29,False,False,551,6612,Basic,29,monthly,True,,7,1,0,45.0,1.0,4.0,98.0,1.0,47.0,0.0,,1.0,2024-09-21,budget,3.0,225,-54.08163265306123,0.034482758620689655,0,15,85.0,75,50.0,43.5,Red
A-a1b80b,Company_184,HealthTech,US,2023-11-27,organic,Basic,16,False,False,0,0,Pro,16,annual,True,,16,3,1,169.0,16.0,15.0,68.0,0.0,,0.0,,0.0,2024-07-11,budget,1.0,400,148.52941176470588,,100,40,100.0,70,60.0,81.0,Green
A-139c3b,Company_185,HealthTech,US,2024-11-21,organic,Enterprise,10,True,True,0,0,Basic,21,annual,True,,8,1,0,94.0,2.0,9.0,60.0,2.0,34.0,0.0,4.5,0.0,,,0.0,40,56.666666666666664,0.09523809523809523,100,15,100.0,65,60.0,76.2,Green
A-702032,Company_186,HealthTech,US,2023-10-03,ads,Pro,28,False,False,1372,16464,Pro,28,annual,True,2024-12-21,6,1,0,34.0,1.0,3.0,30.0,0.0,,0.0,,0.0,2024-06-14,competitor,2.0,455,13.333333333333334,,80,15,100.0,85,50.0,73.2,Yellow
A-7a0d69,Company_187,DevTools,DE,2024-06-15,ads,Enterprise,4,True,True,3184,38208,Enterprise,16,monthly,True,,11,2,0,90.0,3.0,9.0,150.0,0.0,,0.0,,0.0,2024-12-29,budget,3.0,199,-40.0,,25,15,100.0,75,70.0,56.8,Yellow
A-22d9d2,Company_188,DevTools,FR,2024-03-22,event,Pro,8,False,False,1568,18816,Pro,32,monthly,True,2024-12-20,14,2,1,116.0,12.0,11.0,102.0,1.0,4.0,1.0,3.0,1.0,2024-10-17,pricing,1.0,284,13.725490196078432,0.03125,80,40,70.0,60,70.0,66.5,Yellow
A-b9eed8,Company_189,Cybersecurity,US,2024-02-23,organic,Basic,11,False,False,342,4104,Basic,18,monthly,True,,11,0,3,83.0,4.0,8.0,78.0,0.0,,0.0,,0.0,2024-04-23,pricing,1.0,312,6.41025641025641,,80,15,100.0,45,40.0,64.2,Yellow
A-dfbd31,Company_190,DevTools,UK,2023-12-04,partner,Enterprise,14,False,False,266,3192,Basic,14,monthly,True,,14,1,1,40.0,2.0,5.0,120.0,1.0,18.0,0.0,,1.0,2024-12-19,unknown,2.0,393,-66.66666666666666,0.07142857142857142,0,15,85.0,70,40.0,41.5,Red
A-8e47ca,Company_191,HealthTech,US,2024-02-15,organic,Pro,19,False,False,4975,59700,Enterprise,25,monthly,True,2024-12-09,9,1,0,30.0,0.0,3.0,84.0,0.0,,0.0,,0.0,2024-12-31,support,3.0,320,-64.28571428571429,,0,15,100.0,75,60.0,48.2,Red
A-4437e4,Company_192,Cybersecurity,US,2023-09-16,event,Enterprise,3,False,False,171,2052,Basic,9,annual,True,,16,4,1,68.0,8.0,7.0,99.0,2.0,10.0,0.0,3.0,1.0,2024-06-21,features,1.0,472,-31.313131313131315,0.2222222222222222,25,15,80.0,70,60.0,49.8,Red
A-779e4e,Company_193,HealthTech,US,2023-01-02,organic,Basic,5,False,False,1862,22344,Basic,98,annual,True,,10,2,1,28.0,7.0,4.0,65.0,1.0,40.0,0.0,5.0,1.0,,,0.0,729,-56.92307692307692,0.01020408163265306,0,15,95.0,70,80.0,48.0,Red
A-53f4e3,Company_194,Cybersecurity,UK,2024-06-14,event,Enterprise,13,False,False,1421,17052,Pro,29,monthly,True,,10,0,0,46.0,6.0,5.0,80.0,0.0,,0.0,,0.0,2024-12-06,competitor,1.0,200,-42.5,,25,15,100.0,75,50.0,54.8,Yellow
A-692f18,Company_195,EdTech,US,2024-03-28,other,Basic,5,True,True,5572,66864,Enterprise,28,annual,True,2024-12-17,17,2,1,95.0,5.0,11.0,93.0,1.0,20.0,0.0,,0.0,2024-12-23,support,1.0,278,2.1505376344086025,0.03571428571428571,80,40,95.0,60,80.0,73.8,Yellow
A-13466a,Company_196,DevTools,AU,2023-10-22,event,Basic,2,False,True,171,2052,Basic,9,annual,True,,6,0,0,38.0,1.0,4.0,0.0,1.0,71.0,1.0,3.0,0.0,2024-04-18,pricing,2.0,436,,0.1111111111111111,30,15,80.0,85,30.0,51.2,Yellow
A-1986ca,Company_197,HealthTech,IN,2023-01-30,ads,Pro,20,False,False,3980,47760,Enterprise,20,monthly,False,,7,1,0,37.0,0.0,4.0,39.0,0.0,,0.0,,0.0,,,0.0,701,-5.128205128205128,,50,15,100.0,70,80.0,64.2,Yellow
A-0cc442,Company_198,EdTech,US,2024-07-18,organic,Basic,45,False,False,8955,107460,Enterprise,45,annual,True,,13,3,1,84.0,7.0,9.0,92.0,0.0,,0.0,,0.0,2024-10-23,budget,4.0,166,-8.695652173913043,,50,15,100.0,50,70.0,59.2,Yellow
A-c608c8,Company_199,DevTools,DE,2023-04-27,ads,Pro,3,False,True,1029,12348,Pro,21,annual,True,,8,1,1,60.0,2.0,5.0,56.0,0.0,,0.0,,0.0,2024-06-04,support,1.0,614,7.142857142857142,,80,15,100.0,70,60.0,71.2,Yellow
A-3be56b,Company_200,HealthTech,IN,2023-10-26,event,Pro,3,False,True,380,4560,Basic,20,annual,False,,12,1,1,56.0,2.0,6.0,68.0,0.0,,0.0,,0.0,2024-06-20,pricing,2.0,432,-17.647058823529413,,50,15,100.0,55,40.0,57.2,Yellow
A-354f12,Company_201,FinTech,US,2024-04-28,ads,Pro,1,True,False,133,1596,Basic,7,monthly,True,,4,0,1,67.0,1.0,7.0,0.0,0.0,,0.0,,0.0,2024-09-19,competitor,1.0,247,,,30,15,100.0,60,40.0,52.2,Yellow
A-68f37c,Company_202,HealthTech,US,2023-07-15,ads,Basic,4,False,False,796,9552,Enterprise,4,monthly,True,,12,3,0,59.0,1.0,6.0,85.0,1.0,43.0,0.0,,0.0,2024-12-18,features,4.0,535,-30.58823529411765,0.25,25,15,95.0,85,60.0,56.5,Yellow
A-aa9511,Company_203,DevTools,US,2023-10-10,other,Pro,23,True,False,5970,71640,Enterprise,30,monthly,False,,15,0,1,89.0,3.0,10.0,49.0,0.0,,0.0,,0.0,2023-10-17,competitor,1.0,448,81.63265306122449,,100,40,100.0,55,60.0,78.0,Green
A-af0cd2,Company_204,Cybersecurity,IN,2023-01-03,other,Enterprise,19,True,False,1083,12996,Basic,57,annual,True,,11,1,0,119.0,7.0,12.0,33.0,0.0,,0.0,,0.0,2023-10-26,unknown,1.0,728,260.6060606060606,,100,40,100.0,85,60.0,84.0,Green
A-bd4513,Company_205,DevTools,AU,2024-11-06,event,Enterprise,50,True,False,950,11400,Basic,50,annual,True,,12,2,0,76.0,6.0,7.0,74.0,1.0,10.0,0.0,5.0,1.0,2024-12-09,budget,2.0,55,2.7027027027027026,0.02,80,15,95.0,65,60.0,69.0,Yellow
A-c222ab,Company_206,Cybersecurity,US,2024-05-10,other,Pro,32,False,True,1568,18816,Pro,32,monthly,True,,7,1,0,85.0,5.0,9.0,47.0,3.0,39.666666666666664,0.0,5.0,1.0,2024-10-05,support,3.0,235,80.85106382978722,0.09375,100,15,85.0,75,50.0,73.5,Yellow
A-34d880,Company_207,Cybersecurity,AU,2024-04-11,ads,Enterprise,4,False,False,995,11940,Enterprise,5,monthly,True,,9,0,0,63.0,2.0,6.0,44.0,2.0,63.0,0.0,3.0,0.0,2024-12-20,unknown,1.0,264,43.18181818181818,0.4,100,15,90.0,75,50.0,74.8,Yellow
A-508199,Company_208,FinTech,AU,2024-01-28,event,Basic,19,False,False,0,0,Enterprise,19,monthly,True,,5,0,0,48.0,6.0,4.0,37.0,0.0,,0.0,,0.0,,,0.0,338,29.72972972972973,,100,15,100.0,75,50.0,77.2,Green
A-f03140,Company_209,DevTools,IN,2023-11-22,event,Pro,27,True,False,0,0,Pro,27,annual,True,,10,1,1,77.0,2.0,7.0,61.0,0.0,,0.0,,0.0,2024-10-03,competitor,1.0,405,26.229508196721312,,100,15,100.0,70,50.0,76.2,Green
A-410e86,Company_210,FinTech,US,2024-11-10,organic,Basic,24,False,False,4776,57312,Enterprise,24,monthly,False,,7,0,0,27.0,2.0,3.0,21.0,0.0,,0.0,,0.0,,,0.0,51,28.57142857142857,,100,15,100.0,50,70.0,74.2,Yellow
A-fa2041,Company_211,HealthTech,US,2024-05-29,organic,Pro,15,True,False,0,0,Pro,39,annual,True,,12,0,0,96.0,5.0,8.0,26.0,0.0,,0.0,,0.0,2024-07-13,competitor,1.0,216,269.2307692307692,,100,15,100.0,75,40.0,76.2,Green
A-de58ca,Company_212,HealthTech,DE,2023-04-13,organic,Enterprise,15,False,False,7164,85968,Enterprise,36,annual,True,,11,0,0,42.0,5.0,4.0,37.0,1.0,34.0,0.0,4.0,0.0,,,0.0,628,13.513513513513514,0.027777777777777776,80,15,100.0,85,70.0,75.2,Green
A-05d3b3,Company_213,DevTools,AU,2023-05-28,ads,Basic,9,True,False,3781,45372,Enterprise,19,annual,True,,13,0,0,49.0,0.0,6.0,125.0,1.0,64.0,0.0,,1.0,2024-09-09,unknown,2.0,583,-60.8,0.05263157894736842,0,15,85.0,85,50.0,45.5,Red
A-249769,Company_214,Cybersecurity,US,2024-04-25,event,Enterprise,4,False,True,133,1596,Basic,7,annual,True,,13,0,0,122.0,2.0,12.0,98.0,1.0,63.0,0.0,5.0,0.0,2024-12-16,budget,2.0,250,24.489795918367346,0.14285714285714285,100,40,100.0,75,30.0,79.0,Green
A-e43bf7,Company_215,Cybersecurity,AU,2023-03-24,other,Pro,44,False,False,8756,105072,Enterprise,44,annual,True,,7,3,0,38.0,1.0,4.0,17.0,2.0,27.0,0.0,3.5,0.0,2023-06-24,pricing,1.0,648,123.52941176470588,0.045454545454545456,100,15,90.0,85,80.0,79.8,Green
A-eb2fdc,Company_216,DevTools,AU,2023-11-21,organic,Enterprise,31,False,True,589,7068,Basic,31,annual,True,,12,0,0,82.0,2.0,7.0,84.0,0.0,,0.0,,0.0,2024-05-26,competitor,1.0,406,-2.380952380952381,,50,15,100.0,85,50.0,64.2,Yellow
A-e1462e,Company_217,FinTech,UK,2023-03-12,partner,Basic,15,False,False,285,3420,Basic,15,annual,False,,7,1,1,26.0,1.0,3.0,49.0,0.0,,0.0,,0.0,2024-12-05,competitor,2.0,660,-46.93877551020408,,25,15,100.0,55,40.0,49.8,Red
A-cab532,Company_218,DevTools,FR,2023-04-03,organic,Pro,11,True,False,1715,20580,Pro,35,annual,True,,15,2,1,122.0,9.0,13.0,139.0,0.0,,0.0,,0.0,2024-07-10,support,1.0,638,-12.23021582733813,,50,40,100.0,70,70.0,67.0,Yellow
A-9123ac,Company_219,Cybersecurity,DE,2023-06-20,organic,Pro,9,False,False,3582,42984,Enterprise,18,annual,True,,7,0,1,83.0,4.0,7.0,9.0,2.0,50.0,0.0,3.5,1.0,2024-10-23,competitor,2.0,560,822.2222222222222,0.1111111111111111,100,15,80.0,70,50.0,71.2,Yellow
A-6e08f3,Company_220,Cybersecurity,US,2023-02-27,event,Basic,8,False,False,247,2964,Basic,13,annual,True,,10,1,1,104.0,3.0,7.0,51.0,0.0,,0.0,,0.0,2024-02-10,competitor,1.0,673,103.921568627451,,100,15,100.0,70,50.0,76.2,Green
A-d922bf,Company_221,HealthTech,US,2023-09-08,ads,Basic,5,True,True,1791,21492,Enterprise,9,annual,True,,7,0,0,40.0,5.0,5.0,47.0,0.0,,0.0,,0.0,2024-12-06,support,1.0,480,-14.893617021276595,,50,15,100.0,85,50.0,64.2,Yellow
A-8ed5dd,Company_222,EdTech,UK,2023-06-29,event,Enterprise,5,False,True,285,3420,Basic,15,monthly,True,,12,3,1,55.0,4.0,7.0,57.0,1.0,8.0,0.0,3.0,1.0,2024-11-02,unknown,2.0,551,-3.508771929824561,0.06666666666666667,50,15,85.0,70,50.0,57.5,Yellow
A-7c6b6b,Company_223,FinTech,US,2024-11-30,other,Basic,6,False,False,1127,13524,Pro,23,monthly,True,,7,0,0,29.0,2.0,4.0,23.0,0.0,,0.0,,0.0,2024-12-09,budget,1.0,31,26.08695652173913,,100,15,100.0,65,50.0,75.2,Green
A-3c1a3f,Company_224,DevTools,UK,2023-08-26,event,Pro,1,False,False,133,1596,Basic,7,annual,False,,12,0,1,71.0,1.0,6.0,68.0,0.0,,0.0,,0.0,,,0.0,493,4.411764705882353,,80,15,100.0,55,50.0,67.2,Yellow
A-b48f73,Company_225,EdTech,AU,2024-11-13,event,Pro,80,True,False,3920,47040,Pro,80,annual,False,,7,0,0,23.0,0.0,2.0,25.0,0.0,,0.0,,0.0,,,0.0,48,-8.0,,50,15,100.0,50,70.0,59.2,Yellow
A-76fa4d,Company_226,HealthTech,US,2024-11-24,event,Pro,69,False,False,3381,40572,Pro,69,monthly,True,,7,0,0,62.0,3.0,6.0,25.0,1.0,59.0,0.0,4.0,1.0,2024-12-03,pricing,2.0,37,148.0,0.014492753623188406,100,15,95.0,65,50.0,74.0,Yellow
A-b2af2e,Company_227,Cybersecurity,UK,2024-08-24,event,Enterprise,5,False,False,1026,12312,Basic,54,annual,False,,4,0,1,30.0,1.0,3.0,12.0,0.0,,0.0,,0.0,2024-11-14,pricing,1.0,129,150.0,,100,15,100.0,35,50.0,69.2,Yellow
A-9bfc9f,Company_228,DevTools,CA,2023-09-14,ads,Pro,53,False,False,2940,35280,Pro,60,monthly,True,,9,3,2,19.0,1.0,2.0,38.0,0.0,,0.0,,0.0,,,0.0,474,-50.0,,25,15,100.0,55,90.0,54.8,Yellow
A-4ae22a,Company_229,EdTech,US,2024-05-09,other,Pro,6,False,True,532,6384,Basic,28,annual,True,,7,0,0,61.0,3.0,5.0,38.0,0.0,,0.0,,0.0,2024-07-20,pricing,1.0,236,60.526315789473685,,100,15,100.0,75,50.0,77.2,Green
A-fda07f,Company_230,Cybersecurity,FR,2024-08-11,partner,Basic,7,False,False,266,3192,Basic,14,monthly,True,,12,4,1,68.0,5.0,6.0,111.0,0.0,,0.0,,0.0,2024-09-13,support,1.0,142,-38.73873873873874,,25,15,100.0,50,60.0,50.8,Yellow
A-de24d5,Company_231,DevTools,US,2024-11-05,other,Enterprise,5,True,False,245,2940,Pro,5,monthly,False,,13,0,0,57.0,0.0,6.0,90.0,1.0,45.0,0.0,,1.0,,,0.0,56,-36.666666666666664,0.2,25,15,85.0,50,50.0,46.0,Red
A-977ca0,Company_232,HealthTech,IN,2023-02-20,partner,Basic,6,False,True,686,8232,Pro,14,annual,True,2024-11-24,16,1,0,158.0,5.0,13.0,125.0,1.0,64.0,0.0,4.0,1.0,,,0.0,680,26.400000000000002,0.07142857142857142,100,40,95.0,85,70.0,83.8,Green
A-ab438f,Company_233,Cybersecurity,US,2024-09-13,ads,Enterprise,13,False,True,0,0,Pro,77,monthly,True,,8,1,0,29.0,0.0,3.0,46.0,0.0,,0.0,,0.0,2024-12-02,budget,1.0,109,-36.95652173913043,,25,15,100.0,65,50.0,52.8,Yellow
A-e89151,Company_234,FinTech,UK,2023-09-14,organic,Pro,8,True,True,8756,105072,Enterprise,44,annual,True,,9,3,0,79.0,3.0,7.0,28.0,1.0,29.0,0.0,,0.0,,,0.0,474,182.14285714285714,0.022727272727272728,100,15,95.0,85,90.0,82.0,Green
A-40906c,Company_235,EdTech,US,2024-03-27,ads,Basic,92,False,False,4508,54096,Pro,92,annual,True,,12,0,0,73.0,3.0,5.0,48.0,3.0,45.0,0.0,3.5,1.0,,,0.0,279,52.083333333333336,0.03260869565217391,100,15,75.0,75,70.0,73.0,Yellow
A-81edc3,Company_236,Cybersecurity,IN,2023-10-30,ads,Basic,5,False,False,995,11940,Enterprise,5,annual,True,,12,2,0,161.0,12.0,12.0,75.0,0.0,,0.0,,0.0,2024-12-16,support,3.0,428,114.66666666666667,,100,40,100.0,85,60.0,84.0,Green
A-328bd0,Company_237,HealthTech,AU,2023-05-16,partner,Enterprise,18,False,False,882,10584,Pro,18,annual,True,,13,1,1,74.0,1.0,8.0,66.0,0.0,,0.0,,0.0,,,0.0,595,12.121212121212121,,80,15,100.0,70,70.0,72.2,Yellow
A-b3fe05,Company_238,Cybersecurity,CA,2024-05-28,partner,Pro,8,False,False,0,0,Basic,19,annual,False,,9,0,0,30.0,2.0,3.0,77.0,1.0,63.0,0.0,,1.0,,,0.0,217,-61.038961038961034,0.05263157894736842,0,15,85.0,60,50.0,40.5,Red
A-09540c,Company_239,Cybersecurity,CA,2023-10-30,event,Basic,67,True,False,3283,39396,Pro,67,monthly,True,,6,1,1,38.0,2.0,4.0,64.0,0.0,,0.0,,0.0,2024-03-05,unknown,1.0,428,-40.625,,25,15,100.0,70,70.0,55.8,Yellow
A-e693b6,Company_240,FinTech,AU,2023-05-25,event,Enterprise,55,False,True,10945,131340,Enterprise,55,annual,True,,12,1,0,43.0,2.0,4.0,31.0,0.0,,0.0,,0.0,2024-10-10,budget,1.0,586,38.70967741935484,,100,15,100.0,85,70.0,81.2,Green
A-2446e3,Company_241,EdTech,IN,2024-01-10,organic,Pro,27,False,False,5373,64476,Enterprise,27,monthly,True,,7,1,1,86.0,5.0,7.0,65.0,1.0,8.0,0.0,4.0,0.0,2024-07-29,unknown,2.0,356,32.30769230769231,0.037037037037037035,100,15,100.0,60,60.0,75.2,Green
A-241e75,Company_242,EdTech,US,2024-07-03,partner,Enterprise,3,False,False,95,1140,Basic,5,monthly,True,,5,0,1,39.0,0.0,4.0,22.0,0.0,,0.0,,0.0,2024-12-19,features,2.0,181,77.27272727272727,,100,15,100.0,60,30.0,72.2,Yellow
A-922109,Company_243,Cybersecurity,US,2024-01-26,ads,Pro,3,False,False,0,0,Basic,5,monthly,True,,13,0,0,96.0,2.0,9.0,120.0,0.0,,0.0,,0.0,2024-12-17,support,2.0,340,-20.0,,50,15,100.0,75,30.0,60.2,Yellow
A-ff3c73,Company_244,HealthTech,AU,2023-01-26,other,Pro,21,False,False,399,4788,Basic,21,annual,True,,9,1,0,67.0,4.0,6.0,23.0,0.0,,0.0,,0.0,2024-05-09,competitor,2.0,705,191.30434782608697,,100,15,100.0,85,40.0,78.2,Green
A-8b0451,Company_245,FinTech,UK,2024-09-16,event,Enterprise,41,False,False,8159,97908,Enterprise,41,annual,True,,10,0,0,59.0,5.0,5.0,98.0,2.0,48.0,0.0,3.0,2.0,2024-12-29,budget,1.0,106,-39.795918367346935,0.04878048780487805,25,15,70.0,65,60.0,46.2,Red
A-331424,Company_246,DevTools,US,2023-11-06,organic,Basic,11,False,False,0,0,Pro,11,monthly,False,,6,0,0,20.0,0.0,2.0,46.0,0.0,,0.0,,0.0,2024-02-21,competitor,1.0,421,-56.52173913043478,,0,15,100.0,70,40.0,45.2,Red
A-51ec1b,Company_247,DevTools,US,2023-11-08,ads,Enterprise,7,False,False,3383,40596,Enterprise,17,annual,True,,6,3,2,10.0,0.0,1.0,40.0,0.0,,0.0,,0.0,2023-12-09,unknown,1.0,419,-75.0,,0,15,100.0,55,80.0,46.2,Red
A-bcf664,Company_248,DevTools,US,2023-05-19,other,Pro,5,False,False,2303,27636,Pro,47,annual,True,,13,0,0,98.0,2.0,10.0,68.0,1.0,2.0,0.0,4.0,1.0,2024-10-04,features,3.0,592,44.11764705882353,0.02127659574468085,100,40,95.0,85,50.0,81.8,Green
A-90a8c8,Company_249,FinTech,AU,2024-08-24,organic,Pro,15,False,False,2985,35820,Enterprise,15,monthly,False,,7,2,0,41.0,3.0,4.0,62.0,0.0,,0.0,,0.0,2024-08-29,support,1.0,129,-33.87096774193548,,25,15,100.0,50,80.0,52.8,Yellow
A-86cdb4,Company_250,DevTools,DE,2024-09-22,partner,Basic,2,False,False,323,3876,Basic,17,monthly,True,,9,0,0,121.0,6.0,10.0,30.0,2.0,3.0,0.0,3.0,2.0,,,0.0,100,303.3333333333333,0.11764705882352941,100,40,70.0,65,50.0,71.5,Yellow
A-4bfa33,Company_251,Cybersecurity,US,2024-12-07,event,Basic,8,True,False,0,0,Enterprise,8,annual,True,,7,0,0,85.0,6.0,6.0,35.0,0.0,,0.0,,0.0,2024-12-28,unknown,3.0,24,142.85714285714286,,100,15,100.0,65,30.0,73.2,Yellow
A-dbc825,Company_252,EdTech,FR,2024-01-07,partner,Enterprise,19,False,False,361,4332,Basic,19,annual,True,,16,2,0,118.0,9.0,10.0,144.0,1.0,40.0,1.0,5.0,0.0,2024-02-03,budget,2.0,359,-18.055555555555554,0.05263157894736842,50,40,90.0,75,50.0,63.5,Yellow
A-c70870,Company_253,Cybersecurity,US,2024-10-22,partner,Basic,31,False,False,4606,55272,Pro,94,annual,True,,7,2,1,67.0,0.0,7.0,25.0,0.0,,0.0,,0.0,2024-12-13,competitor,1.0,70,168.0,,100,15,100.0,50,80.0,75.2,Green
A-7c4956,Company_254,DevTools,US,2023-05-06,ads,Enterprise,5,False,True,513,6156,Basic,27,annual,True,,8,0,0,75.0,8.0,6.0,48.0,1.0,11.0,0.0,,0.0,,,0.0,605,56.25,0.037037037037037035,100,15,95.0,85,60.0,79.0,Green
A-0651a4,Company_255,HealthTech,FR,2024-10-16,organic,Pro,16,False,False,12935,155220,Enterprise,65,annual,True,,15,0,0,142.0,11.0,12.0,41.0,0.0,,0.0,,0.0,2024-12-25,support,2.0,76,246.34146341463415,,100,40,100.0,65,50.0,79.0,Green
A-3ce5b8,Company_256,FinTech,IN,2023-09-07,ads,Basic,8,False,True,0,0,Enterprise,8,annual,True,,9,0,0,54.0,5.0,6.0,44.0,2.0,58.5,0.0,3.0,1.0,2024-09-18,features,1.0,481,22.727272727272727,0.25,100,15,80.0,85,40.0,73.2,Yellow
A-bd4708,Company_257,FinTech,US,2024-07-21,ads,Pro,37,True,False,7363,88356,Enterprise,37,monthly,True,,13,1,0,93.0,4.0,9.0,116.0,2.0,28.0,0.0,3.0,1.0,,,0.0,163,-19.82758620689655,0.05405405405405406,50,15,80.0,65,80.0,58.2,Yellow
A-993085,Company_258,HealthTech,US,2023-06-01,ads,Basic,31,True,False,8358,100296,Enterprise,42,monthly,False,2024-11-10,15,2,2,52.0,1.0,6.0,117.0,1.0,37.0,0.0,3.0,0.0,2024-01-21,features,2.0,579,-55.55555555555556,0.023809523809523808,0,15,95.0,40,70.0,41.0,Red
A-92a3af,Company_259,Cybersecurity,IN,2024-07-07,organic,Enterprise,25,False,False,1225,14700,Pro,25,monthly,True,,11,0,2,117.0,3.0,10.0,85.0,0.0,,0.0,,0.0,,,0.0,177,37.64705882352941,,100,40,100.0,35,60.0,74.0,Yellow
A-151c9a,Company_260,FinTech,US,2023-01-27,ads,Enterprise,23,False,False,2548,30576,Pro,52,monthly,False,,5,0,1,61.0,6.0,6.0,47.0,0.0,,0.0,,0.0,2023-11-04,support,1.0,704,29.78723404255319,,100,15,100.0,55,60.0,74.2,Yellow
A-474ad4,Company_261,EdTech,US,2023-11-28,organic,Basic,8,False,False,4776,57312,Enterprise,24,annual,False,,15,1,1,77.0,3.0,7.0,145.0,0.0,,0.0,,0.0,,,0.0,399,-46.89655172413793,,25,15,100.0,55,80.0,53.8,Yellow
A-4ef964,Company_262,HealthTech,US,2024-03-07,organic,Pro,17,False,False,1372,16464,Pro,28,monthly,True,,9,0,0,151.0,8.0,14.0,52.0,1.0,65.0,0.0,5.0,0.0,2024-06-19,budget,1.0,299,190.3846153846154,0.03571428571428571,100,40,100.0,75,50.0,81.0,Green
A-fd9422,Company_263,Cybersecurity,US,2024-04-04,organic,Pro,58,False,False,2842,34104,Pro,58,annual,True,,9,1,1,77.0,6.0,8.0,104.0,1.0,52.0,0.0,4.0,1.0,,,0.0,271,-25.961538461538463,0.017241379310344827,25,15,95.0,60,80.0,53.5,Yellow
A-0baac2,Company_264,FinTech,DE,2024-05-30,organic,Enterprise,14,False,True,2786,33432,Enterprise,14,monthly,True,2024-12-12,6,0,0,23.0,1.0,3.0,12.0,0.0,,0.0,,0.0,2024-12-24,unknown,4.0,215,91.66666666666666,,100,15,100.0,75,50.0,77.2,Green
A-bb1486,Company_265,HealthTech,US,2024-11-05,organic,Basic,41,False,False,3283,39396,Pro,67,annual,True,,8,0,2,26.0,2.0,3.0,90.0,0.0,,0.0,,0.0,2024-11-23,competitor,2.0,56,-71.11111111111111,,0,15,100.0,35,50.0,39.2,Red
A-560d27,Company_266,DevTools,US,2024-05-05,organic,Pro,23,False,False,0,0,Basic,29,annual,True,,12,1,0,48.0,0.0,4.0,51.0,0.0,,0.0,,0.0,,,0.0,240,-5.88235294117647,,50,15,100.0,75,60.0,63.2,Yellow
A-0b0d6d,Company_267,DevTools,US,2024-12-30,organic,Pro,3,False,False,1029,12348,Pro,21,annual,True,,13,1,0,67.0,3.0,7.0,87.0,1.0,49.0,0.0,,0.0,2024-12-31,competitor,1.0,1,-22.988505747126435,0.047619047619047616,25,15,95.0,65,60.0,52.5,Yellow
A-2789e3,Company_268,FinTech,US,2024-09-14,partner,Enterprise,11,False,False,0,0,Pro,11,monthly,True,,12,1,1,128.0,6.0,10.0,61.0,3.0,56.333333333333336,0.0,4.0,0.0,,,0.0,108,109.8360655737705,0.2727272727272727,100,40,95.0,50,60.0,75.8,Green
A-b07346,Company_269,HealthTech,US,2024-10-10,partner,Pro,51,False,True,0,0,Enterprise,51,annual,True,,5,1,0,8.0,0.0,1.0,20.0,1.0,5.0,0.0,3.0,1.0,2024-11-12,budget,1.0,82,-60.0,0.0196078431372549,0,15,85.0,65,50.0,41.5,Red
A-902ef7,Company_270,HealthTech,US,2024-09-03,other,Enterprise,83,False,True,1577,18924,Basic,83,annual,True,,8,2,0,45.0,4.0,4.0,60.0,0.0,,0.0,,0.0,2024-09-26,pricing,1.0,119,-25.0,,25,15,100.0,65,70.0,54.8,Yellow
A-20736a,Company_271,EdTech,IN,2024-03-16,organic,Enterprise,50,False,False,9950,119400,Enterprise,50,annual,True,,7,1,1,24.0,1.0,3.0,16.0,2.0,48.5,0.0,3.5,2.0,2024-03-19,competitor,1.0,290,50.0,0.04,100,15,70.0,60,70.0,68.8,Yellow
A-e4bf56,Company_272,HealthTech,IN,2024-10-28,ads,Pro,17,False,True,4378,52536,Enterprise,22,monthly,True,,7,0,1,71.0,2.0,8.0,27.0,0.0,,0.0,,0.0,,,0.0,64,162.96296296296296,,100,15,100.0,50,70.0,74.2,Yellow
A-cea1f0,Company_273,FinTech,US,2024-04-07,event,Pro,8,False,True,1592,19104,Enterprise,8,annual,False,,10,1,1,97.0,0.0,9.0,66.0,1.0,28.0,0.0,4.0,1.0,,,0.0,268,46.96969696969697,0.125,100,15,95.0,45,70.0,72.0,Yellow
A-ef84cf,Company_274,EdTech,US,2024-03-01,partner,Enterprise,8,False,False,152,1824,Basic,8,monthly,True,,5,0,1,50.0,3.0,4.0,45.0,2.0,39.0,1.0,4.5,1.0,2024-11-20,support,3.0,305,11.11111111111111,0.25,80,15,75.0,60,30.0,60.0,Yellow
A-d49cc5,Company_275,Cybersecurity,FR,2023-09-19,event,Basic,50,False,False,950,11400,Basic,50,monthly,True,,8,0,0,61.0,3.0,5.0,11.0,1.0,64.0,0.0,,1.0,2024-04-12,competitor,1.0,469,454.54545454545456,0.02,100,15,85.0,85,50.0,75.5,Green
A-67be94,Company_276,EdTech,US,2023-04-04,organic,Enterprise,26,False,False,1274,15288,Pro,26,monthly,True,,7,1,0,70.0,3.0,7.0,63.0,2.0,39.0,0.0,3.0,2.0,2024-06-30,competitor,2.0,637,11.11111111111111,0.07692307692307693,80,15,70.0,85,50.0,65.8,Yellow
A-4e960a,Company_277,FinTech,US,2024-01-17,other,Enterprise,12,True,True,228,2736,Basic,12,monthly,True,,12,0,1,98.0,6.0,8.0,34.0,1.0,20.0,0.0,,1.0,,,0.0,349,188.23529411764704,0.08333333333333333,100,15,85.0,60,50.0,70.5,Yellow
A-c37cab,Company_278,Cybersecurity,UK,2024-07-29,event,Pro,13,False,False,437,5244,Basic,23,annual,True,,12,1,1,105.0,13.0,11.0,96.0,0.0,,0.0,,0.0,2024-11-16,competitor,2.0,155,9.375,,80,40,100.0,50,40.0,69.0,Yellow
A-533452,Company_279,DevTools,AU,2024-11-12,organic,Pro,9,False,False,988,11856,Basic,52,annual,False,,11,1,2,55.0,5.0,6.0,111.0,0.0,,0.0,,0.0,2024-12-16,support,4.0,49,-50.45045045045045,,0,15,100.0,20,50.0,36.2,Red
A-443b7c,Company_280,Cybersecurity,US,2024-09-06,other,Enterprise,1,False,True,152,1824,Basic,8,annual,True,,16,4,0,94.0,1.0,10.0,102.0,0.0,,0.0,,0.0,,,0.0,116,-7.8431372549019605,,50,40,100.0,65,70.0,66.0,Yellow
A-1f7acb,Company_281,FinTech,UK,2023-08-06,ads,Basic,64,True,False,12736,152832,Enterprise,64,annual,True,,8,1,3,32.0,3.0,3.0,100.0,1.0,57.0,0.0,,1.0,,,0.0,513,-68.0,0.015625,0,15,85.0,55,80.0,42.5,Red
A-f51f16,Company_282,HealthTech,US,2023-12-25,partner,Enterprise,1,False,False,38,456,Basic,2,annual,True,,8,2,0,38.0,6.0,4.0,39.0,0.0,,0.0,,0.0,2024-12-07,competitor,2.0,372,-2.564102564102564,,50,15,100.0,85,50.0,64.2,Yellow
A-5a3eb9,Company_283,DevTools,CA,2023-08-20,other,Enterprise,18,True,False,882,10584,Pro,18,annual,True,2024-12-28,13,0,2,41.0,5.0,5.0,82.0,0.0,,0.0,,0.0,2024-06-12,competitor,3.0,499,-50.0,,25,15,100.0,55,40.0,49.8,Red
A-5f2961,Company_284,HealthTech,US,2024-11-22,partner,Basic,4,False,False,304,3648,Basic,16,annual,True,,7,0,0,9.0,0.0,1.0,32.0,0.0,,0.0,,0.0,2024-11-28,pricing,1.0,39,-71.875,,0,15,100.0,65,40.0,44.2,Red
A-417d2f,Company_285,Cybersecurity,IN,2023-07-04,partner,Pro,4,True,False,1617,19404,Pro,33,monthly,True,,16,1,0,72.0,4.0,8.0,87.0,2.0,63.0,0.0,,1.0,2024-12-30,budget,1.0,546,-17.24137931034483,0.06060606060606061,50,15,80.0,85,60.0,60.2,Yellow
A-e98302,Company_286,EdTech,US,2023-12-26,ads,Enterprise,16,True,False,2842,34104,Pro,58,annual,True,2024-12-28,6,0,0,30.0,4.0,3.0,53.0,1.0,42.0,0.0,4.0,1.0,,,0.0,371,-43.39622641509434,0.017241379310344827,25,15,95.0,85,70.0,57.5,Yellow
A-8bde0c,Company_287,DevTools,US,2024-11-04,organic,Basic,12,False,False,2388,28656,Enterprise,12,monthly,True,,18,2,0,47.0,7.0,6.0,41.0,1.0,9.0,0.0,,0.0,2024-12-30,pricing,2.0,57,14.634146341463413,0.08333333333333333,80,15,95.0,65,70.0,70.0,Yellow
A-bcf87c,Company_288,FinTech,US,2024-06-27,event,Pro,10,False,True,3383,40596,Enterprise,17,monthly,True,,11,0,1,77.0,3.0,9.0,74.0,0.0,,0.0,,0.0,,,0.0,187,4.054054054054054,,80,15,100.0,60,70.0,70.2,Yellow
A-54ecc2,Company_289,Cybersecurity,US,2023-06-11,partner,Enterprise,4,False,False,5572,66864,Enterprise,28,monthly,True,,11,0,1,57.0,3.0,5.0,84.0,1.0,57.0,0.0,5.0,0.0,2024-11-23,support,3.0,569,-32.142857142857146,0.03571428571428571,25,15,100.0,70,50.0,53.8,Yellow
A-625d0b,Company_290,EdTech,AU,2024-09-02,ads,Basic,9,False,False,1791,21492,Enterprise,9,annual,True,,11,0,0,97.0,4.0,8.0,57.0,1.0,53.0,0.0,,0.0,,,0.0,120,70.17543859649122,0.1111111111111111,100,15,95.0,65,60.0,75.0,Green
A-fce879,Company_291,EdTech,UK,2024-09-24,partner,Pro,10,True,True,399,4788,Basic,21,annual,True,,5,0,1,48.0,1.0,3.0,24.0,0.0,,0.0,,0.0,2024-12-03,features,2.0,98,100.0,,100,15,100.0,50,30.0,70.2,Yellow
A-b07b56,Company_292,DevTools,US,2024-11-08,event,Pro,25,False,True,0,0,Basic,25,annual,True,,15,0,0,77.0,4.0,6.0,83.0,1.0,55.0,0.0,,1.0,2024-12-24,budget,1.0,53,-7.228915662650602,0.04,50,15,85.0,65,40.0,55.5,Yellow
A-6da850,Company_293,FinTech,IN,2023-10-07,organic,Pro,5,False,False,114,1368,Basic,6,annual,True,2024-12-31,16,3,1,31.0,2.0,3.0,80.0,2.0,46.5,0.0,4.0,0.0,2024-10-25,competitor,3.0,451,-61.25000000000001,0.3333333333333333,0,15,100.0,70,50.0,46.2,Red
A-342303,Company_294,EdTech,US,2024-03-16,other,Pro,1,True,False,0,0,Enterprise,10,annual,True,,3,0,0,14.0,0.0,2.0,25.0,0.0,,0.0,,0.0,2024-03-20,features,1.0,290,-44.0,,25,15,100.0,75,40.0,53.8,Yellow
A-e7a1e2,Company_295,Cybersecurity,US,2024-06-23,event,Enterprise,3,False,False,8756,105072,Enterprise,44,annual,True,,12,0,0,107.0,4.0,10.0,70.0,0.0,,0.0,,0.0,2024-12-11,features,3.0,191,52.85714285714286,,100,40,100.0,75,50.0,81.0,Green
A-f1f639,Company_296,EdTech,US,2023-02-26,ads,Basic,2,False,False,1791,21492,Enterprise,9,monthly,True,,4,1,0,31.0,0.0,3.0,6.0,1.0,22.0,0.0,5.0,1.0,2024-04-07,budget,2.0,674,416.6666666666667,0.1111111111111111,100,15,95.0,85,50.0,78.0,Green
A-a865bd,Company_297,Cybersecurity,US,2023-09-19,organic,Pro,38,False,False,2744,32928,Pro,56,monthly,False,,5,0,0,63.0,1.0,6.0,24.0,1.0,42.0,0.0,3.0,0.0,2024-03-18,unknown,2.0,469,162.5,0.017857142857142856,100,15,95.0,70,50.0,75.0,Green
A-4e631b,Company_298,FinTech,US,2024-03-16,other,Enterprise,22,False,False,418,5016,Basic,22,annual,True,,11,1,1,77.0,5.0,6.0,58.0,0.0,,0.0,,0.0,,,0.0,290,32.758620689655174,,100,15,100.0,60,60.0,75.2,Green
A-7f6b86,Company_299,HealthTech,US,2023-08-24,partner,Basic,45,True,True,855,10260,Basic,45,annual,True,,9,3,0,33.0,3.0,4.0,78.0,2.0,48.0,0.0,4.0,2.0,2024-07-10,pricing,1.0,495,-57.692307692307686,0.044444444444444446,0,15,80.0,85,70.0,46.2,Red
A-8adedc,Company_300,EdTech,US,2024-02-11,event,Basic,4,True,True,3332,39984,Pro,68,annual,True,,14,0,0,37.0,5.0,5.0,71.0,0.0,,0.0,,0.0,,,0.0,324,-47.88732394366197,,25,15,100.0,75,70.0,56.8,Yellow
A-2edab2,Company_301,HealthTech,US,2023-11-17,event,Enterprise,17,False,False,833,9996,Pro,17,monthly,True,,10,1,0,60.0,0.0,6.0,47.0,0.0,,0.0,,0.0,2024-06-23,features,2.0,410,27.659574468085108,,100,15,100.0,85,50.0,79.2,Green
A-149a69,Company_302,DevTools,US,2024-10-17,event,Basic,34,False,False,646,7752,Basic,34,monthly,True,,3,0,0,0.0,0.0,0.0,17.0,1.0,65.0,0.0,,0.0,2024-12-04,pricing,1.0,75,,0.029411764705882353,30,0,95.0,65,50.0,50.8,Yellow
A-a6d261,Company_303,FinTech,CA,2023-11-29,other,Pro,9,False,False,247,2964,Basic,13,annual,True,,14,3,0,36.0,0.0,4.0,115.0,2.0,48.5,0.0,4.0,0.0,2024-03-10,unknown,1.0,398,-68.69565217391305,0.15384615384615385,0,15,100.0,85,60.0,50.2,Yellow
A-443f6f,Company_304,Cybersecurity,US,2024-12-07,organic,Basic,19,False,False,931,11172,Pro,19,monthly,True,,9,1,0,76.0,4.0,8.0,49.0,1.0,36.0,0.0,,1.0,,,0.0,24,55.10204081632652,0.05263157894736842,100,15,85.0,65,70.0,73.5,Yellow
A-202b67,Company_305,HealthTech,US,2024-03-22,organic,Pro,11,False,False,5771,69252,Enterprise,29,monthly,True,,9,1,0,93.0,8.0,9.0,46.0,0.0,,0.0,,0.0,2024-09-14,pricing,2.0,284,102.17391304347827,,100,15,100.0,75,60.0,78.2,Green
A-00bed1,Company_306,Cybersecurity,US,2023-11-14,ads,Basic,28,True,False,5572,66864,Enterprise,28,annual,False,,10,3,0,52.0,4.0,5.0,100.0,0.0,,0.0,,0.0,2024-01-03,unknown,1.0,413,-48.0,,25,15,100.0,70,80.0,56.8,Yellow
A-ffc04f,Company_307,EdTech,US,2024-06-06,ads,Pro,13,False,False,247,2964,Basic,13,monthly,True,,15,0,1,101.0,12.0,12.0,133.0,0.0,,0.0,,0.0,2024-08-03,unknown,1.0,208,-24.06015037593985,,25,40,100.0,60,40.0,54.5,Yellow
A-65c341,Company_308,FinTech,US,2023-12-26,ads,Pro,11,True,False,1911,22932,Pro,39,monthly,True,2024-11-23,8,0,0,13.0,0.0,1.0,45.0,0.0,,0.0,,0.0,2024-12-16,unknown,2.0,371,-71.11111111111111,,0,15,100.0,85,40.0,48.2,Red
A-dcc2f0,Company_309,FinTech,UK,2023-07-22,organic,Basic,15,False,False,608,7296,Basic,32,annual,False,,15,2,0,78.0,2.0,7.0,107.0,0.0,,0.0,,0.0,2024-04-10,features,1.0,528,-27.102803738317753,,25,15,100.0,70,70.0,55.8,Yellow
A-ced9aa,Company_310,DevTools,US,2024-10-05,other,Enterprise,3,False,False,147,1764,Pro,3,annual,True,,11,0,0,41.0,3.0,5.0,53.0,0.0,,0.0,,0.0,,,0.0,87,-22.641509433962266,,25,15,100.0,65,50.0,52.8,Yellow
A-3d957b,Company_311,HealthTech,UK,2024-04-04,other,Pro,14,False,False,2786,33432,Enterprise,14,annual,False,,6,3,0,14.0,0.0,1.0,0.0,0.0,,0.0,,0.0,2024-05-05,budget,1.0,271,,,30,15,100.0,60,80.0,56.2,Yellow
A-89ee83,Company_312,Cybersecurity,US,2024-10-04,organic,Pro,1,False,True,3582,42984,Enterprise,18,monthly,True,,11,3,0,93.0,10.0,9.0,66.0,1.0,13.0,1.0,4.0,0.0,,,0.0,88,40.909090909090914,0.05555555555555555,100,15,90.0,65,90.0,76.8,Green
A-883b7d,Company_313,Cybersecurity,IN,2024-03-28,other,Basic,17,False,False,9950,119400,Enterprise,50,annual,True,,12,0,0,109.0,4.0,12.0,57.0,2.0,32.0,0.0,3.0,1.0,,,0.0,278,91.22807017543859,0.04,100,40,80.0,75,70.0,78.0,Green
A-dcc3f1,Company_314,HealthTech,US,2023-12-27,event,Pro,21,False,False,399,4788,Basic,21,annual,False,,8,0,1,84.0,7.0,7.0,43.0,0.0,,0.0,,0.0,2024-10-10,features,2.0,370,95.34883720930233,,100,15,100.0,55,30.0,71.2,Yellow
A-c62e55,Company_315,EdTech,US,2023-02-08,partner,Basic,1,True,False,686,8232,Pro,14,annual,True,,9,1,0,53.0,4.0,5.0,18.0,0.0,,0.0,,0.0,,,0.0,692,194.44444444444443,,100,15,100.0,85,70.0,81.2,Green
A-e4144b,Company_316,EdTech,UK,2024-10-22,other,Pro,41,False,False,8159,97908,Enterprise,41,annual,True,,10,1,0,75.0,6.0,8.0,50.0,0.0,,0.0,,0.0,,,0.0,70,50.0,,100,15,100.0,65,80.0,78.2,Green
A-e40f45,Company_317,HealthTech,US,2024-04-18,organic,Pro,21,False,False,399,4788,Basic,21,monthly,False,2024-12-22,7,3,0,84.0,3.0,10.0,26.0,0.0,,0.0,,0.0,2024-11-09,budget,1.0,257,223.0769230769231,,100,40,100.0,60,60.0,79.0,Green
A-96215d,Company_318,FinTech,US,2024-08-08,event,Enterprise,10,False,False,490,5880,Pro,10,annual,False,,6,1,0,41.0,1.0,3.0,50.0,0.0,,0.0,,0.0,,,0.0,145,-18.0,,50,15,100.0,50,60.0,58.2,Yellow
A-2b9d3e,Company_319,EdTech,US,2023-06-04,partner,Enterprise,1,False,False,398,4776,Enterprise,2,monthly,True,,9,1,0,55.0,5.0,6.0,40.0,0.0,,0.0,,0.0,,,0.0,576,37.5,,100,15,100.0,85,60.0,80.2,Green
A-b7724f,Company_320,HealthTech,UK,2023-03-28,organic,Basic,1,False,False,551,6612,Basic,29,monthly,True,,8,0,0,35.0,0.0,3.0,83.0,1.0,15.0,0.0,3.0,0.0,2024-09-01,competitor,3.0,644,-57.831325301204814,0.034482758620689655,0,15,95.0,85,40.0,47.0,Red
A-310452,Company_321,DevTools,FR,2024-12-25,other,Enterprise,9,False,False,171,2052,Basic,9,annual,True,,5,0,0,27.0,1.0,2.0,69.0,1.0,24.0,0.0,4.0,0.0,2024-12-27,budget,2.0,6,-60.86956521739131,0.1111111111111111,0,15,100.0,65,30.0,43.2,Red
A-eb1312,Company_322,FinTech,US,2024-09-16,partner,Pro,25,False,False,475,5700,Basic,25,annual,True,,12,1,0,119.0,4.0,9.0,82.0,0.0,,0.0,,0.0,2024-10-03,unknown,2.0,106,45.1219512195122,,100,15,100.0,65,40.0,74.2,Yellow
A-df1e44,Company_323,Cybersecurity,UK,2024-02-23,organic,Enterprise,12,False,False,588,7056,Pro,12,monthly,True,,11,1,1,59.0,1.0,6.0,46.0,1.0,68.0,0.0,,1.0,2024-11-20,budget,2.0,312,28.26086956521739,0.08333333333333333,100,15,85.0,60,50.0,70.5,Yellow
A-6a7c9d,Company_324,Cybersecurity,US,2024-10-24,organic,Enterprise,26,False,True,1274,15288,Pro,26,annual,True,,5,0,0,34.0,0.0,3.0,31.0,0.0,,0.0,,0.0,2024-11-21,support,2.0,68,9.67741935483871,,80,15,100.0,65,40.0,68.2,Yellow
A-cbd1a3,Company_325,DevTools,US,2024-11-25,other,Basic,6,False,True,380,4560,Basic,20,annual,True,,10,2,0,32.0,0.0,2.0,63.0,0.0,,0.0,,0.0,,,0.0,36,-49.2063492063492,,25,15,100.0,65,70.0,54.8,Yellow
A-a8d89d,Company_326,EdTech,US,2023-12-08,ads,Pro,13,False,False,323,3876,Basic,17,annual,True,,12,2,0,48.0,1.0,5.0,90.0,0.0,,0.0,,0.0,2024-08-26,pricing,2.0,389,-46.666666666666664,,25,15,100.0,85,50.0,56.8,Yellow
A-600734,Company_327,DevTools,US,2023-11-14,organic,Pro,29,True,True,1764,21168,Pro,36,monthly,True,,13,2,0,74.0,0.0,8.0,82.0,0.0,,0.0,,0.0,,,0.0,413,-9.75609756097561,,50,15,100.0,85,80.0,67.2,Yellow
A-86fc1d,Company_328,DevTools,UK,2024-07-26,partner,Basic,26,False,False,0,0,Basic,26,monthly,True,,9,3,0,65.0,2.0,6.0,24.0,1.0,17.0,0.0,,1.0,2024-08-12,support,1.0,158,170.83333333333331,0.038461538461538464,100,15,85.0,65,60.0,72.5,Yellow
A-78f02b,Company_329,HealthTech,US,2024-11-17,event,Enterprise,11,False,False,539,6468,Pro,11,annual,True,,4,1,0,18.0,8.0,2.0,21.0,1.0,48.0,0.0,4.0,0.0,2024-12-09,budget,2.0,44,-14.285714285714285,0.09090909090909091,50,15,100.0,65,50.0,60.2,Yellow
A-acb7f7,Company_330,EdTech,US,2024-01-06,ads,Basic,32,False,False,608,7296,Basic,32,annual,True,,12,2,1,134.0,7.0,11.0,75.0,0.0,,0.0,,0.0,2024-03-21,competitor,1.0,360,78.66666666666666,,100,40,100.0,60,70.0,80.0,Green
A-712f1c,Company_331,DevTools,US,2023-12-16,ads,Basic,17,False,True,833,9996,Pro,17,annual,True,,12,2,0,60.0,0.0,6.0,71.0,0.0,,0.0,,0.0,2024-10-24,budget,1.0,381,-15.492957746478872,,50,15,100.0,85,70.0,66.2,Yellow
A-3793ee,Company_332,Cybersecurity,CA,2023-03-21,organic,Enterprise,49,True,False,9751,117012,Enterprise,49,monthly,False,,7,1,1,44.0,0.0,5.0,46.0,0.0,,0.0,,0.0,2023-06-16,unknown,1.0,651,-4.3478260869565215,,50,15,100.0,55,70.0,60.2,Yellow
A-9a532a,Company_333,HealthTech,US,2024-07-06,partner,Enterprise,11,False,False,2189,26268,Enterprise,11,monthly,True,,4,0,0,30.0,1.0,2.0,43.0,0.0,,0.0,,0.0,,,0.0,178,-30.23255813953488,,25,15,100.0,65,70.0,54.8,Yellow
A-2ebb4b,Company_334,HealthTech,US,2023-05-15,ads,Basic,41,False,False,2009,24108,Pro,41,monthly,True,,10,1,0,75.0,6.0,7.0,30.0,0.0,,0.0,,0.0,2024-12-29,features,3.0,596,150.0,,100,15,100.0,85,60.0,80.2,Green
A-6843f2,Company_335,HealthTech,CA,2024-12-10,ads,Enterprise,21,False,False,1029,12348,Pro,21,annual,True,,9,0,1,58.0,2.0,5.0,54.0,0.0,,0.0,,0.0,,,0.0,21,7.4074074074074066,,80,15,100.0,50,60.0,67.2,Yellow
A-c9bb3e,Company_336,EdTech,US,2024-03-24,ads,Pro,5,False,False,190,2280,Basic,10,monthly,True,,10,1,0,17.0,2.0,2.0,59.0,2.0,10.0,0.0,4.0,1.0,2024-10-03,unknown,2.0,282,-71.1864406779661,0.2,0,15,90.0,75,40.0,43.8,Red
A-4814a3,Company_337,Cybersecurity,IN,2024-09-17,event,Basic,87,False,True,4263,51156,Pro,87,monthly,True,,11,2,1,74.0,4.0,7.0,58.0,0.0,,0.0,,0.0,2024-11-25,pricing,1.0,105,27.586206896551722,,100,15,100.0,50,80.0,75.2,Green
A-b7b7b7,Company_338,FinTech,US,2024-06-30,event,Basic,24,False,True,1176,14112,Pro,24,annual,True,,12,1,0,50.0,0.0,5.0,99.0,0.0,,0.0,,0.0,,,0.0,184,-49.494949494949495,,25,15,100.0,75,70.0,56.8,Yellow
A-ccc747,Company_339,HealthTech,FR,2024-01-12,event,Pro,16,False,True,304,3648,Basic,16,annual,True,,6,2,0,20.0,1.0,2.0,33.0,0.0,,0.0,,0.0,2024-09-02,competitor,3.0,354,-39.39393939393939,,25,15,100.0,75,50.0,54.8,Yellow
A-bb3bd4,Company_340,HealthTech,US,2024-01-27,ads,Basic,23,False,False,437,5244,Basic,23,annual,True,,7,2,0,14.0,0.0,1.0,57.0,2.0,12.5,0.0,3.0,1.0,2024-06-30,unknown,2.0,339,-75.43859649122807,0.08695652173913043,0,15,80.0,75,50.0,42.2,Red
A-09316c,Company_341,FinTech,AU,2024-09-11,organic,Enterprise,70,False,False,13930,167160,Enterprise,70,annual,True,,11,2,0,55.0,3.0,5.0,73.0,2.0,54.5,0.0,3.0,0.0,2024-12-05,unknown,1.0,111,-24.65753424657534,0.02857142857142857,25,15,90.0,65,80.0,53.2,Yellow
A-96bbc6,Company_342,Cybersecurity,US,2024-05-07,organic,Enterprise,39,False,False,741,8892,Basic,39,monthly,True,,8,3,1,142.0,2.0,12.0,39.0,0.0,,0.0,,0.0,2024-12-21,budget,3.0,238,264.1025641025641,,100,40,100.0,60,60.0,79.0,Green
A-bc4d48,Company_343,EdTech,US,2024-06-12,ads,Pro,35,True,False,665,7980,Basic,35,annual,True,,7,1,0,23.0,3.0,3.0,38.0,1.0,71.0,1.0,5.0,1.0,,,0.0,202,-39.473684210526315,0.02857142857142857,25,15,80.0,75,70.0,51.8,Yellow
A-b30291,Company_344,HealthTech,US,2024-04-05,event,Basic,5,True,True,245,2940,Pro,5,annual,True,,10,0,0,70.0,3.0,6.0,81.0,0.0,,0.0,,0.0,2024-09-03,competitor,1.0,270,-13.580246913580247,,50,15,100.0,75,40.0,61.2,Yellow
A-cdf020,Company_345,DevTools,AU,2023-08-16,organic,Pro,23,False,False,2156,25872,Pro,44,monthly,True,,8,2,0,45.0,1.0,5.0,59.0,0.0,,0.0,,0.0,2024-11-07,support,2.0,503,-23.728813559322035,,25,15,100.0,85,70.0,58.8,Yellow
A-e6afc1,Company_346,DevTools,US,2023-02-24,ads,Pro,1,False,False,0,0,Pro,9,monthly,False,,11,0,0,41.0,0.0,5.0,65.0,0.0,,0.0,,0.0,,,0.0,676,-36.92307692307693,,25,15,100.0,70,50.0,53.8,Yellow
A-e3bd71,Company_347,Cybersecurity,US,2023-03-25,partner,Basic,31,False,False,1519,18228,Pro,31,annual,False,,11,1,1,108.0,6.0,11.0,70.0,0.0,,0.0,,0.0,2023-12-30,support,1.0,647,54.285714285714285,,100,40,100.0,55,60.0,78.0,Green
A-b179bf,Company_348,Cybersecurity,IN,2024-10-27,ads,Basic,43,False,False,0,0,Pro,43,annual,True,,5,0,0,15.0,0.0,1.0,105.0,1.0,12.0,0.0,,1.0,2024-12-05,features,3.0,65,-85.71428571428571,0.023255813953488372,0,15,85.0,65,30.0,39.5,Red
A-098560,Company_349,DevTools,UK,2023-10-21,ads,Enterprise,1,False,True,796,9552,Enterprise,4,monthly,True,,11,1,0,76.0,6.0,7.0,66.0,1.0,55.0,0.0,3.0,0.0,2024-09-04,pricing,2.0,437,15.151515151515152,0.25,80,15,95.0,85,50.0,72.0,Yellow
A-82861f,Company_350,DevTools,UK,2024-04-25,organic,Basic,41,False,False,8159,97908,Enterprise,41,annual,False,,10,0,0,45.0,7.0,5.0,62.0,1.0,59.0,0.0,3.0,0.0,2024-05-17,support,1.0,250,-27.419354838709676,0.024390243902439025,25,15,95.0,60,60.0,51.5,Yellow
A-94c3cd,Company_351,FinTech,CA,2023-09-20,other,Enterprise,32,False,False,6368,76416,Enterprise,32,monthly,True,,6,0,0,32.0,2.0,3.0,35.0,0.0,,0.0,,0.0,,,0.0,468,-8.571428571428571,,50,15,100.0,85,70.0,66.2,Yellow
A-a33200,Company_352,HealthTech,US,2024-09-15,partner,Basic,29,False,False,551,6612,Basic,29,monthly,True,,12,1,0,55.0,1.0,5.0,29.0,0.0,,0.0,,0.0,2024-10-07,features,1.0,107,89.65517241379311,,100,15,100.0,65,60.0,76.2,Green
A-034368,Company_353,EdTech,US,2023-11-05,event,Enterprise,19,False,False,4577,54924,Enterprise,23,monthly,True,,5,0,0,30.0,5.0,3.0,52.0,0.0,,0.0,,0.0,2024-08-29,features,1.0,422,-42.30769230769231,,25,15,100.0,85,60.0,57.8,Yellow
A-b54c01,Company_354,DevTools,US,2024-09-29,event,Enterprise,29,False,False,551,6612,Basic,29,annual,False,,4,0,0,18.0,0.0,2.0,6.0,0.0,,0.0,,0.0,2024-10-23,budget,1.0,93,200.0,,100,15,100.0,50,50.0,72.2,Yellow
A-d82ef9,Company_355,EdTech,UK,2024-07-02,other,Basic,26,False,True,494,5928,Basic,26,monthly,True,,14,1,2,83.0,6.0,7.0,162.0,2.0,37.0,1.0,4.0,1.0,2024-08-06,budget,1.0,182,-48.76543209876543,0.07692307692307693,25,15,75.0,45,50.0,42.5,Red
A-bb2f49,Company_356,Cybersecurity,US,2023-05-28,other,Pro,8,False,False,1372,16464,Pro,28,monthly,False,,11,2,1,66.0,5.0,6.0,64.0,0.0,,0.0,,0.0,,,0.0,583,3.125,,80,15,100.0,55,80.0,70.2,Yellow
A-1f559b,Company_357,HealthTech,US,2023-09-04,organic,Enterprise,5,True,True,190,2280,Basic,10,annual,False,,10,0,1,66.0,4.0,6.0,46.0,1.0,42.0,0.0,5.0,1.0,2024-09-28,features,1.0,484,43.47826086956522,0.1,100,15,95.0,55,40.0,71.0,Yellow
A-5a215a,Company_358,EdTech,FR,2024-01-05,other,Enterprise,87,False,False,4263,51156,Pro,87,annual,True,,18,2,0,98.0,6.0,9.0,62.0,1.0,12.0,0.0,4.0,1.0,,,0.0,361,58.06451612903226,0.011494252873563218,100,15,95.0,75,90.0,80.0,Green
A-3f9cc0,Company_359,HealthTech,US,2024-06-03,event,Basic,22,False,False,5970,71640,Enterprise,30,monthly,True,,7,1,2,18.0,0.0,2.0,110.0,1.0,60.0,0.0,,0.0,2024-12-21,budget,3.0,211,-83.63636363636363,0.03333333333333333,0,15,95.0,45,60.0,41.0,Red
A-f9cc74,Company_360,DevTools,FR,2024-10-12,partner,Enterprise,30,True,False,0,0,Pro,30,monthly,True,,10,1,0,62.0,2.0,7.0,60.0,2.0,56.5,0.0,3.0,0.0,,,0.0,80,3.3333333333333335,0.06666666666666667,80,15,90.0,65,60.0,67.8,Yellow
A-ed510f,Company_361,Cybersecurity,IN,2023-01-17,partner,Basic,42,False,False,2058,24696,Pro,42,monthly,True,,10,2,0,94.0,3.0,9.0,39.0,0.0,,0.0,,0.0,2023-05-05,budget,1.0,714,141.02564102564102,,100,15,100.0,85,80.0,82.2,Green
A-5c9849,Company_362,EdTech,IN,2024-11-03,partner,Basic,19,False,False,931,11172,Pro,19,monthly,False,,9,2,0,16.0,0.0,2.0,12.0,0.0,,0.0,,0.0,2024-11-13,unknown,1.0,58,33.33333333333333,,100,15,100.0,50,70.0,74.2,Yellow
A-a7bd4b,Company_363,Cybersecurity,US,2023-02-15,ads,Enterprise,5,False,False,342,4104,Basic,18,monthly,True,,11,2,0,72.0,3.0,7.0,92.0,1.0,40.0,0.0,3.0,0.0,2024-10-15,features,1.0,685,-21.73913043478261,0.05555555555555555,25,15,95.0,85,60.0,56.5,Yellow
A-d4ac0e,Company_364,DevTools,UK,2024-04-20,ads,Basic,18,False,False,882,10584,Pro,18,monthly,True,,19,3,0,110.0,1.0,9.0,53.0,1.0,16.0,0.0,3.0,0.0,,,0.0,255,107.54716981132076,0.05555555555555555,100,15,95.0,75,80.0,79.0,Green
A-ffdfd5,Company_365,EdTech,US,2024-04-13,organic,Basic,3,False,True,147,1764,Pro,3,monthly,True,2024-12-31,10,1,0,90.0,4.0,7.0,49.0,0.0,,0.0,,0.0,2024-08-08,features,1.0,262,83.6734693877551,,100,15,100.0,75,50.0,77.2,Green
A-0dbdc6,Company_366,Cybersecurity,DE,2023-02-12,other,Pro,30,False,True,2303,27636,Pro,47,annual,True,,9,0,0,61.0,4.0,6.0,80.0,1.0,60.0,0.0,5.0,1.0,2024-04-14,pricing,2.0,688,-23.75,0.02127659574468085,25,15,95.0,85,50.0,55.5,Yellow
A-7cfe77,Company_367,DevTools,US,2024-07-10,ads,Pro,69,False,False,1311,15732,Basic,69,annual,True,,5,1,1,17.0,0.0,2.0,25.0,1.0,47.0,0.0,3.0,0.0,2024-12-19,features,2.0,174,-32.0,0.014492753623188406,25,15,95.0,50,50.0,48.5,Red
A-1f0636,Company_368,EdTech,AU,2024-01-01,partner,Pro,105,False,False,20895,250740,Enterprise,105,annual,False,,11,3,0,118.0,9.0,11.0,61.0,0.0,,0.0,,0.0,,,0.0,365,93.44262295081968,,100,40,100.0,70,90.0,84.0,Green
A-40de06,Company_369,Cybersecurity,US,2023-05-08,event,Enterprise,28,False,True,532,6384,Basic,28,annual,True,,16,2,1,146.0,4.0,13.0,93.0,0.0,,0.0,,0.0,,,0.0,603,56.98924731182796,,100,40,100.0,70,80.0,83.0,Green
A-cb5333,Company_370,DevTools,US,2024-03-26,ads,Pro,33,False,False,1617,19404,Pro,33,monthly,True,,16,0,1,104.0,2.0,10.0,98.0,0.0,,0.0,,0.0,2024-08-11,features,1.0,280,6.122448979591836,,80,40,100.0,60,50.0,72.0,Yellow
A-309e54,Company_371,DevTools,US,2024-12-09,other,Pro,15,False,False,285,3420,Basic,15,annual,True,,11,0,1,65.0,2.0,7.0,21.0,0.0,,0.0,,0.0,2024-12-14,support,1.0,22,209.52380952380955,,100,15,100.0,50,40.0,71.2,Yellow
A-6e7827,Company_372,DevTools,US,2023-03-26,other,Basic,1,False,False,833,9996,Pro,17,annual,True,,9,3,0,40.0,3.0,4.0,87.0,1.0,67.0,0.0,4.0,0.0,2024-04-09,features,2.0,646,-54.02298850574713,0.058823529411764705,0,15,100.0,85,60.0,50.2,Yellow
A-50bb9f,Company_373,Cybersecurity,US,2024-07-12,organic,Pro,2,False,False,2646,31752,Pro,54,annual,True,,8,2,0,21.0,4.0,2.0,10.0,0.0,,0.0,,0.0,2024-09-12,unknown,2.0,172,110.00000000000001,,100,15,100.0,65,70.0,77.2,Green
A-5fe118,Company_374,Cybersecurity,US,2024-11-07,other,Enterprise,39,False,False,0,0,Basic,39,monthly,True,,5,0,0,45.0,1.0,4.0,21.0,0.0,,0.0,,0.0,2024-12-16,features,1.0,54,114.28571428571428,,100,15,100.0,65,40.0,74.2,Yellow
A-5247b3,Company_375,FinTech,UK,2024-03-12,partner,Pro,16,True,False,1406,16872,Basic,74,annual,True,,11,3,0,55.0,5.0,5.0,115.0,0.0,,0.0,,0.0,2024-10-16,pricing,2.0,294,-52.17391304347826,,0,15,100.0,75,60.0,48.2,Red
A-f44180,Company_376,Cybersecurity,UK,2023-02-13,event,Pro,9,False,False,0,0,Basic,10,annual,False,,11,0,0,80.0,4.0,8.0,54.0,0.0,,0.0,,0.0,2023-04-29,competitor,1.0,687,48.148148148148145,,100,15,100.0,70,40.0,75.2,Green
A-c16cf7,Company_377,EdTech,US,2024-10-16,event,Pro,13,True,False,665,7980,Basic,35,annual,True,,10,0,0,66.0,4.0,7.0,78.0,1.0,57.0,0.0,4.0,0.0,2024-12-07,support,2.0,76,-15.384615384615385,0.02857142857142857,50,15,100.0,65,40.0,59.2,Yellow
A-d42431,Company_378,FinTech,FR,2024-06-09,ads,Enterprise,22,True,False,4378,52536,Enterprise,22,annual,True,,9,1,1,35.0,3.0,5.0,58.0,0.0,,0.0,,0.0,2024-10-12,budget,2.0,205,-39.6551724137931,,25,15,100.0,60,60.0,52.8,Yellow
A-6965e1,Company_379,DevTools,US,2024-11-25,organic,Basic,13,False,False,247,2964,Basic,13,monthly,True,,12,1,1,44.0,1.0,4.0,86.0,0.0,,0.0,,0.0,2024-12-09,features,3.0,36,-48.837209302325576,,25,15,100.0,50,40.0,48.8,Red
A-0354fe,Company_380,Cybersecurity,US,2024-10-22,other,Basic,34,False,False,6766,81192,Enterprise,34,monthly,False,,7,1,0,64.0,3.0,6.0,15.0,2.0,8.0,0.0,3.0,1.0,2024-11-26,support,2.0,70,326.6666666666667,0.058823529411764705,100,15,80.0,50,60.0,68.2,Yellow
A-0a62f5,Company_381,FinTech,UK,2024-09-11,partner,Pro,16,False,False,475,5700,Basic,25,monthly,True,,4,0,0,11.0,0.0,1.0,15.0,1.0,8.0,0.0,,1.0,2024-12-27,support,5.0,111,-26.666666666666668,0.04,25,15,85.0,65,30.0,47.0,Red
A-f5641b,Company_382,EdTech,US,2024-03-30,other,Pro,31,False,False,8955,107460,Enterprise,45,monthly,True,,10,1,1,55.0,1.0,4.0,30.0,0.0,,0.0,,0.0,2024-06-17,features,2.0,276,83.33333333333334,,100,15,100.0,60,60.0,75.2,Green
A-b44e3e,Company_383,Cybersecurity,UK,2024-02-12,ads,Basic,40,False,False,7960,95520,Enterprise,40,annual,True,2024-12-27,7,3,0,47.0,0.0,5.0,40.0,0.0,,0.0,,0.0,2024-04-14,unknown,1.0,323,17.5,,80,15,100.0,75,80.0,74.2,Yellow
A-3b37d9,Company_384,FinTech,US,2023-01-27,event,Enterprise,23,False,False,4577,54924,Enterprise,23,annual,True,,7,2,0,65.0,0.0,5.0,19.0,0.0,,0.0,,0.0,2024-10-13,support,2.0,704,242.10526315789474,,100,15,100.0,85,70.0,81.2,Green
A-54d94a,Company_385,Cybersecurity,IN,2023-05-01,event,Basic,27,False,False,513,6156,Basic,27,annual,True,,11,1,1,63.0,0.0,7.0,92.0,0.0,,0.0,,0.0,,,0.0,610,-31.521739130434785,,25,15,100.0,70,70.0,55.8,Yellow
A-7f29a7,Company_386,Cybersecurity,UK,2024-09-18,event,Basic,41,True,False,2009,24108,Pro,41,monthly,True,,11,0,0,49.0,4.0,4.0,63.0,0.0,,0.0,,0.0,2024-10-09,unknown,1.0,104,-22.22222222222222,,25,15,100.0,65,60.0,53.8,Yellow
A-089363,Company_387,FinTech,AU,2023-05-06,event,Basic,2,False,False,0,0,Enterprise,9,annual,True,,14,2,0,83.0,3.0,7.0,46.0,0.0,,0.0,,0.0,2023-11-27,pricing,1.0,605,80.43478260869566,,100,15,100.0,85,60.0,80.2,Green
A-524364,Company_388,DevTools,FR,2024-12-31,partner,Enterprise,3,False,False,539,6468,Pro,11,monthly,True,,6,0,0,0.0,0.0,0.0,24.0,1.0,19.0,0.0,4.0,1.0,,,0.0,0,,0.09090909090909091,30,0,95.0,65,60.0,51.8,Yellow
A-855a48,Company_389,EdTech,US,2023-12-22,partner,Pro,14,True,False,11940,143280,Enterprise,60,annual,True,,8,0,1,12.0,0.0,1.0,70.0,0.0,,0.0,,0.0,2024-08-01,unknown,1.0,375,-82.85714285714286,,0,15,100.0,70,60.0,47.2,Red
A-756192,Company_390,FinTech,IN,2023-06-11,other,Basic,19,False,False,1862,22344,Pro,38,annual,True,,10,1,0,57.0,3.0,6.0,86.0,0.0,,0.0,,0.0,,,0.0,569,-33.72093023255814,,25,15,100.0,85,70.0,58.8,Yellow
A-49b828,Company_391,FinTech,IN,2023-05-05,ads,Pro,6,False,False,3980,47760,Enterprise,20,annual,True,,14,2,0,84.0,4.0,7.0,57.0,1.0,9.0,1.0,3.0,0.0,,,0.0,606,47.368421052631575,0.05,100,15,80.0,85,90.0,78.2,Green
A-c7ffc2,Company_392,Cybersecurity,US,2023-01-27,partner,Pro,30,True,False,931,11172,Basic,49,monthly,False,,12,3,0,69.0,6.0,6.0,85.0,0.0,,0.0,,0.0,2023-11-11,features,2.0,704,-18.823529411764707,,50,15,100.0,70,60.0,62.2,Yellow
A-751c58,Company_393,FinTech,UK,2024-07-18,organic,Basic,15,False,False,1349,16188,Basic,71,annual,True,,11,4,0,102.0,4.0,8.0,73.0,1.0,41.0,0.0,5.0,0.0,2024-12-16,budget,3.0,166,39.726027397260275,0.014084507042253521,100,15,100.0,65,60.0,76.2,Green
A-72799b,Company_394,DevTools,FR,2023-11-13,event,Enterprise,20,False,True,2989,35868,Pro,61,annual,True,,10,2,1,59.0,6.0,6.0,25.0,0.0,,0.0,,0.0,2024-05-05,pricing,1.0,414,136.0,,100,15,100.0,70,80.0,79.2,Green
A-812c5b,Company_395,DevTools,CA,2024-02-25,organic,Basic,55,False,True,2695,32340,Pro,55,monthly,True,,13,0,0,72.0,2.0,7.0,91.0,0.0,,0.0,,0.0,2024-05-11,support,1.0,310,-20.87912087912088,,25,15,100.0,75,60.0,55.8,Yellow
A-69b156,Company_396,EdTech,US,2023-11-21,other,Pro,7,False,True,152,1824,Basic,8,monthly,False,2024-12-30,9,0,2,20.0,2.0,2.0,43.0,0.0,,0.0,,0.0,,,0.0,406,-53.48837209302325,,0,15,100.0,40,50.0,40.2,Red
A-075038,Company_397,HealthTech,UK,2023-05-12,ads,Basic,17,False,False,798,9576,Basic,42,monthly,True,,14,1,0,89.0,3.0,9.0,160.0,1.0,37.0,0.0,3.0,1.0,2024-09-05,features,1.0,599,-44.375,0.023809523809523808,25,15,85.0,85,60.0,54.0,Yellow
A-940b8b,Company_398,HealthTech,DE,2024-03-19,organic,Basic,1,False,False,0,0,Enterprise,7,annual,True,,8,1,1,11.0,0.0,1.0,59.0,1.0,47.0,0.0,,1.0,,,0.0,287,-81.35593220338984,0.14285714285714285,0,15,85.0,60,60.0,41.5,Red
A-2d1036,Company_399,FinTech,US,2024-06-14,ads,Pro,69,False,True,3381,40572,Pro,69,monthly,False,,13,0,1,102.0,9.0,9.0,83.0,1.0,7.0,0.0,5.0,1.0,2024-10-28,pricing,2.0,200,22.89156626506024,0.014492753623188406,100,15,95.0,45,50.0,70.0,Yellow
A-0f6450,Company_400,FinTech,US,2024-12-27,other,Pro,28,True,True,532,6384,Basic,28,annual,True,,11,0,0,27.0,6.0,3.0,46.0,0.0,,0.0,,0.0,2024-12-30,competitor,2.0,4,-41.30434782608695,,25,15,100.0,65,40.0,51.8,Yellow
A-9affe6,Company_401,Cybersecurity,US,2023-03-22,other,Pro,7,False,False,1127,13524,Pro,23,monthly,True,,11,2,0,68.0,1.0,6.0,40.0,0.0,,0.0,,0.0,2024-01-12,features,1.0,650,70.0,,100,15,100.0,85,70.0,81.2,Green
A-80eeb6,Company_402,Cybersecurity,UK,2023-05-09,organic,Enterprise,22,False,False,4378,52536,Enterprise,22,annual,True,2024-12-31,16,4,1,135.0,4.0,13.0,52.0,0.0,,0.0,,0.0,2024-02-09,budget,2.0,602,159.6153846153846,,100,40,100.0,70,70.0,82.0,Green
A-d4e0d4,Company_403,FinTech,US,2024-10-18,other,Basic,117,False,False,23283,279396,Enterprise,117,annual,True,,10,1,1,13.0,1.0,2.0,68.0,0.0,,0.0,,0.0,,,0.0,74,-80.88235294117648,,0,15,100.0,50,80.0,45.2,Red
A-c7e58b,Company_404,HealthTech,IN,2023-06-25,other,Pro,3,False,False,0,0,Pro,16,monthly,True,,7,0,0,19.0,1.0,2.0,52.0,2.0,29.5,0.0,4.0,2.0,,,0.0,555,-63.46153846153846,0.125,0,15,80.0,85,50.0,44.2,Red
A-016043,Company_405,EdTech,CA,2024-07-31,organic,Basic,4,True,False,494,5928,Basic,26,monthly,False,,11,3,0,53.0,3.0,4.0,50.0,1.0,59.0,0.0,,0.0,2024-08-11,competitor,1.0,153,6.0,0.038461538461538464,80,15,95.0,50,60.0,66.0,Yellow
A-bbe56f,Company_406,HealthTech,US,2023-02-16,ads,Enterprise,21,False,False,418,5016,Basic,22,annual,True,,5,1,0,22.0,3.0,3.0,23.0,2.0,25.0,0.0,4.0,2.0,,,0.0,684,-4.3478260869565215,0.09090909090909091,50,15,80.0,85,60.0,60.2,Yellow
A-7c5768,Company_407,HealthTech,UK,2024-03-02,event,Enterprise,3,False,False,0,0,Enterprise,26,monthly,True,,9,0,0,55.0,3.0,5.0,35.0,2.0,27.5,0.0,3.5,2.0,,,0.0,304,57.14285714285714,0.07692307692307693,100,15,70.0,75,50.0,69.8,Yellow
A-751bd4,Company_408,Cybersecurity,UK,2024-07-12,partner,Pro,10,False,False,0,0,Pro,35,annual,True,,2,0,0,30.0,0.0,3.0,13.0,2.0,34.5,0.0,4.5,1.0,2024-09-22,budget,1.0,172,130.76923076923077,0.05714285714285714,100,15,90.0,65,40.0,71.8,Yellow
A-4e0e85,Company_409,DevTools,US,2023-09-08,organic,Enterprise,6,False,False,0,0,Enterprise,39,annual,True,,8,1,0,58.0,3.0,7.0,8.0,0.0,,0.0,,0.0,2024-03-14,pricing,2.0,480,625.0,,100,15,100.0,85,40.0,78.2,Green
A-ad3abd,Company_410,FinTech,US,2023-03-03,event,Pro,44,False,False,2156,25872,Pro,44,monthly,True,,7,0,0,39.0,0.0,4.0,39.0,1.0,1.0,0.0,,1.0,2023-07-12,competitor,1.0,669,0.0,0.022727272727272728,80,15,85.0,85,60.0,70.5,Yellow
A-e19ff6,Company_411,Cybersecurity,UK,2023-07-28,partner,Enterprise,1,False,False,1274,15288,Pro,26,monthly,False,,12,1,0,48.0,0.0,4.0,68.0,0.0,,0.0,,0.0,2024-06-27,competitor,3.0,522,-29.411764705882355,,25,15,100.0,70,50.0,53.8,Yellow
A-7920cc,Company_412,Cybersecurity,FR,2023-11-23,ads,Pro,39,False,False,13731,164772,Enterprise,69,annual,True,,16,1,0,97.0,4.0,10.0,45.0,2.0,19.5,0.0,,0.0,,,0.0,404,115.55555555555554,0.028985507246376812,100,40,90.0,85,80.0,83.5,Green
A-5a92e7,Company_413,HealthTech,US,2024-06-11,ads,Pro,4,False,False,0,0,Pro,9,monthly,True,,19,0,0,113.0,6.0,12.0,115.0,1.0,22.0,0.0,3.0,0.0,2024-11-11,budget,2.0,203,-1.7391304347826086,0.1111111111111111,50,40,95.0,75,30.0,62.8,Yellow
A-fdfc91,Company_414,Cybersecurity,US,2023-05-06,ads,Basic,29,False,False,2109,25308,Basic,111,monthly,True,,10,1,0,20.0,0.0,2.0,49.0,1.0,23.0,0.0,3.0,1.0,,,0.0,605,-59.183673469387756,0.009009009009009009,0,15,85.0,85,80.0,48.5,Red
A-1e50e0,Company_415,Cybersecurity,DE,2023-02-21,other,Pro,19,True,True,3781,45372,Enterprise,19,annual,True,,5,1,0,19.0,1.0,2.0,26.0,2.0,20.5,1.0,5.0,2.0,2024-04-26,pricing,2.0,679,-26.923076923076923,0.10526315789473684,25,15,65.0,85,60.0,49.0,Red
A-1e1b80,Company_416,FinTech,CA,2023-09-12,other,Enterprise,50,False,False,950,11400,Basic,50,annual,True,,12,1,0,91.0,3.0,9.0,71.0,0.0,,0.0,,0.0,2024-11-13,features,3.0,476,28.169014084507044,,100,15,100.0,85,50.0,79.2,Green
A-659280,Company_417,FinTech,IN,2023-11-17,event,Enterprise,13,True,True,0,0,Basic,17,annual,False,,12,2,0,88.0,1.0,8.0,68.0,0.0,,0.0,,0.0,2024-11-22,pricing,2.0,410,29.411764705882355,,100,15,100.0,70,50.0,76.2,Green
A-f6b2fb,Company_418,DevTools,AU,2024-04-23,event,Basic,23,False,False,437,5244,Basic,23,monthly,False,,10,1,1,36.0,2.0,5.0,71.0,0.0,,0.0,,0.0,2024-07-11,support,1.0,252,-49.29577464788733,,25,15,100.0,45,50.0,48.8,Red
A-cb6cc6,Company_419,DevTools,US,2023-04-03,ads,Basic,13,True,False,1225,14700,Pro,25,monthly,True,,7,2,0,47.0,2.0,5.0,41.0,1.0,26.0,0.0,3.0,1.0,,,0.0,638,14.634146341463413,0.04,80,15,85.0,85,80.0,72.5,Yellow
A-d62e02,Company_420,Cybersecurity,US,2024-08-20,partner,Pro,6,False,False,1194,14328,Enterprise,6,monthly,False,,10,1,1,99.0,8.0,7.0,23.0,0.0,,0.0,,0.0,,,0.0,133,330.4347826086956,,100,15,100.0,35,70.0,71.2,Yellow
A-d535f6,Company_421,DevTools,US,2024-09-03,organic,Basic,12,True,True,0,0,Enterprise,12,monthly,True,,9,1,3,29.0,0.0,3.0,60.0,0.0,,0.0,,0.0,2024-11-26,features,2.0,119,-51.66666666666667,,0,15,100.0,35,40.0,38.2,Red
A-39868b,Company_422,FinTech,AU,2024-03-17,partner,Pro,9,False,False,0,0,Basic,17,annual,False,,5,1,0,58.0,2.0,6.0,54.0,0.0,,0.0,,0.0,2024-05-24,budget,2.0,289,7.4074074074074066,,80,15,100.0,60,40.0,67.2,Yellow
A-3cc791,Company_423,EdTech,US,2024-01-10,other,Enterprise,6,False,False,1764,21168,Pro,36,monthly,True,,8,0,0,44.0,1.0,4.0,26.0,1.0,20.0,0.0,,0.0,2024-10-09,features,1.0,356,69.23076923076923,0.027777777777777776,100,15,95.0,75,50.0,76.0,Green
A-337bc1,Company_424,Cybersecurity,US,2023-07-19,organic,Pro,30,True,False,0,0,Pro,30,annual,True,,7,2,2,58.0,4.0,5.0,45.0,2.0,28.0,0.0,3.0,1.0,2023-12-16,unknown,2.0,531,28.888888888888886,0.06666666666666667,100,15,80.0,55,50.0,68.2,Yellow
A-58b9ff,Company_425,DevTools,IN,2024-05-31,partner,Enterprise,2,False,False,1617,19404,Pro,33,monthly,True,,13,1,1,86.0,4.0,8.0,109.0,0.0,,0.0,,0.0,2024-10-10,pricing,1.0,214,-21.100917431192663,,25,15,100.0,60,60.0,52.8,Yellow
A-bf7919,Company_426,HealthTech,US,2024-11-27,organic,Pro,3,False,False,0,0,Enterprise,11,annual,False,,6,0,0,19.0,4.0,2.0,18.0,1.0,12.0,0.0,,1.0,2024-12-17,features,2.0,34,5.555555555555555,0.09090909090909091,80,15,85.0,50,30.0,60.5,Yellow
A-1d5444,Company_427,Cybersecurity,US,2024-01-18,partner,Basic,24,False,True,0,0,Basic,24,annual,False,,14,2,0,66.0,7.0,8.0,82.0,1.0,5.0,0.0,,1.0,2024-06-01,support,1.0,348,-19.51219512195122,0.041666666666666664,50,15,85.0,60,60.0,56.5,Yellow
A-0f3e88,Company_428,HealthTech,US,2023-07-23,other,Basic,7,False,True,343,4116,Pro,7,monthly,False,2024-12-23,11,2,0,134.0,6.0,13.0,82.0,1.0,19.0,0.0,4.0,1.0,2024-08-11,budget,1.0,527,63.41463414634146,0.14285714285714285,100,40,95.0,70,60.0,79.8,Green
A-7641d3,Company_429,EdTech,US,2023-02-16,partner,Pro,8,True,True,190,2280,Basic,10,annual,True,,11,0,1,59.0,1.0,6.0,86.0,1.0,44.0,0.0,3.0,1.0,2024-06-07,unknown,2.0,684,-31.3953488372093,0.1,25,15,85.0,70,30.0,48.0,Red
A-cd458b,Company_430,DevTools,US,2024-06-15,other,Basic,10,True,False,1990,23880,Enterprise,10,monthly,True,,15,0,1,104.0,8.0,11.0,92.0,1.0,53.0,0.0,5.0,0.0,2024-11-07,budget,1.0,199,13.043478260869565,0.1,80,40,100.0,60,50.0,72.0,Yellow
A-c16b88,Company_431,HealthTech,US,2023-12-02,event,Enterprise,23,False,False,4577,54924,Enterprise,23,annual,False,,9,2,0,10.0,0.0,1.0,77.0,0.0,,0.0,,0.0,2024-06-01,competitor,1.0,395,-87.01298701298701,,0,15,100.0,70,80.0,49.2,Red
A-59f724,Company_432,HealthTech,US,2023-11-03,other,Enterprise,3,True,False,342,4104,Basic,18,monthly,True,,12,2,0,79.0,6.0,6.0,120.0,1.0,29.0,0.0,4.0,1.0,,,0.0,424,-34.166666666666664,0.05555555555555555,25,15,95.0,85,70.0,57.5,Yellow
A-87aa7b,Company_433,HealthTech,US,2024-05-16,organic,Pro,24,True,False,2499,29988,Pro,51,monthly,True,,16,4,2,93.0,9.0,9.0,58.0,1.0,22.0,0.0,,1.0,2024-12-26,budget,3.0,229,60.3448275862069,0.0196078431372549,100,15,85.0,45,70.0,69.5,Yellow
A-1e6fc3,Company_434,EdTech,FR,2023-12-06,other,Pro,1,False,False,199,2388,Enterprise,1,annual,True,,4,0,0,12.0,0.0,1.0,50.0,0.0,,0.0,,0.0,2024-03-20,pricing,1.0,391,-76.0,,0,15,100.0,85,40.0,48.2,Red
A-39ddf4,Company_435,EdTech,US,2024-12-05,partner,Enterprise,40,False,False,7960,95520,Enterprise,40,monthly,True,,9,0,0,29.0,1.0,3.0,88.0,1.0,12.0,0.0,4.0,1.0,2024-12-13,support,1.0,26,-67.04545454545455,0.025,0,15,95.0,65,60.0,45.0,Red
A-34ea2f,Company_436,HealthTech,US,2024-08-15,organic,Enterprise,8,False,True,3184,38208,Enterprise,16,annual,False,,12,3,0,89.0,7.0,10.0,88.0,1.0,25.0,0.0,,0.0,2024-10-19,unknown,2.0,138,1.1363636363636365,0.0625,80,40,95.0,50,70.0,70.8,Yellow
A-716841,Company_437,FinTech,US,2024-05-06,other,Pro,45,False,False,8955,107460,Enterprise,45,monthly,True,,8,0,0,26.0,2.0,3.0,44.0,0.0,,0.0,,0.0,2024-11-13,unknown,1.0,239,-40.909090909090914,,25,15,100.0,75,60.0,55.8,Yellow
A-558c72,Company_438,FinTech,US,2023-06-01,organic,Basic,12,False,False,735,8820,Pro,15,annual,True,,7,1,0,50.0,6.0,5.0,28.0,0.0,,0.0,,0.0,2024-11-28,support,1.0,579,78.57142857142857,,100,15,100.0,85,60.0,80.2,Green
A-b11cd0,Company_439,DevTools,US,2023-01-20,ads,Pro,26,True,True,1274,15288,Pro,26,annual,True,,6,0,0,19.0,0.0,2.0,20.0,1.0,66.0,0.0,3.0,0.0,,,0.0,711,-5.0,0.038461538461538464,50,15,95.0,85,60.0,64.0,Yellow
A-cc1d8d,Company_440,FinTech,US,2024-12-08,other,Pro,5,False,False,1194,14328,Enterprise,6,annual,True,,13,1,1,69.0,9.0,7.0,93.0,0.0,,0.0,,0.0,2024-12-19,unknown,2.0,23,-25.806451612903224,,25,15,100.0,50,50.0,49.8,Red
A-7f4db3,Company_441,FinTech,US,2023-03-05,other,Pro,4,False,False,4776,57312,Enterprise,24,annual,True,2024-12-14,15,0,1,151.0,4.0,16.0,107.0,0.0,,0.0,,0.0,2023-03-21,support,1.0,667,41.1214953271028,,100,40,100.0,70,60.0,81.0,Green
A-db5e9e,Company_442,DevTools,US,2024-11-09,partner,Basic,4,False,False,588,7056,Pro,12,annual,True,,8,0,1,60.0,3.0,5.0,76.0,0.0,,0.0,,0.0,2024-12-29,pricing,1.0,52,-21.052631578947366,,25,15,100.0,50,50.0,49.8,Red
A-cc102e,Company_443,HealthTech,US,2024-04-15,partner,Enterprise,13,False,False,247,2964,Basic,13,annual,True,,10,1,0,61.0,9.0,6.0,21.0,1.0,61.0,0.0,5.0,0.0,2024-11-19,pricing,3.0,260,190.47619047619045,0.07692307692307693,100,15,100.0,75,40.0,76.2,Green
A-82d8a6,Company_444,Cybersecurity,UK,2024-11-28,ads,Basic,5,False,False,245,2940,Pro,5,annual,True,2024-12-31,17,5,2,113.0,2.0,10.0,97.0,2.0,48.0,0.0,3.0,1.0,2024-12-29,features,1.0,33,16.49484536082474,0.4,80,40,80.0,35,60.0,63.0,Yellow
A-dec005,Company_445,HealthTech,US,2023-10-13,partner,Pro,21,False,False,10746,128952,Enterprise,54,annual,False,2024-12-03,10,1,0,98.0,4.0,9.0,61.0,0.0,,0.0,,0.0,2024-11-23,support,1.0,445,60.65573770491803,,100,15,100.0,70,70.0,78.2,Green
A-5790f4,Company_446,FinTech,UK,2024-12-22,event,Pro,1,True,False,1592,19104,Enterprise,8,annual,True,2024-12-29,6,0,0,31.0,6.0,4.0,36.0,1.0,30.0,0.0,,1.0,2024-12-31,competitor,3.0,9,-13.88888888888889,0.125,50,15,85.0,65,40.0,55.5,Yellow
A-7c83a1,Company_447,Cybersecurity,US,2024-05-06,partner,Pro,12,False,False,1176,14112,Pro,24,monthly,True,,12,0,1,82.0,0.0,8.0,69.0,0.0,,0.0,,0.0,2024-05-19,unknown,1.0,239,18.84057971014493,,80,15,100.0,60,50.0,68.2,Yellow
A-297a2d,Company_448,HealthTech,UK,2023-05-05,event,Pro,27,False,False,5373,64476,Enterprise,27,annual,True,,5,3,0,21.0,1.0,2.0,10.0,0.0,,0.0,,0.0,,,0.0,606,110.00000000000001,,100,15,100.0,85,90.0,83.2,Green
A-4c56c9,Company_449,FinTech,US,2023-12-20,partner,Enterprise,9,False,True,342,4104,Basic,18,annual,True,,13,0,0,88.0,6.0,8.0,70.0,1.0,29.0,0.0,3.0,1.0,2024-04-05,budget,1.0,377,25.71428571428571,0.05555555555555555,100,15,85.0,85,40.0,74.5,Yellow
A-cbbe12,Company_450,Cybersecurity,DE,2023-03-22,partner,Enterprise,40,False,False,7960,95520,Enterprise,40,monthly,True,,6,1,1,16.0,0.0,1.0,20.0,0.0,,0.0,,0.0,,,0.0,650,-20.0,,50,15,100.0,70,80.0,64.2,Yellow
A-4a267b,Company_451,FinTech,US,2024-05-05,other,Pro,25,False,False,0,0,Pro,25,annual,True,,10,1,1,78.0,5.0,6.0,63.0,0.0,,0.0,,0.0,2024-06-17,support,1.0,240,23.809523809523807,,100,15,100.0,60,50.0,74.2,Yellow
A-bcbe98,Company_452,Cybersecurity,US,2024-07-29,other,Enterprise,46,False,False,874,10488,Basic,46,monthly,True,,11,2,1,136.0,11.0,11.0,67.0,0.0,,0.0,,0.0,2024-11-25,competitor,1.0,155,102.98507462686568,,100,40,100.0,50,70.0,78.0,Green
A-427b69,Company_453,FinTech,US,2024-08-23,other,Basic,17,False,False,323,3876,Basic,17,monthly,False,,10,0,0,79.0,11.0,9.0,75.0,0.0,,0.0,,0.0,,,0.0,130,5.333333333333334,,80,15,100.0,50,50.0,66.2,Yellow
A-0be015,Company_454,FinTech,US,2024-10-15,event,Pro,19,False,False,0,0,Basic,19,monthly,False,,5,0,0,47.0,0.0,4.0,70.0,2.0,30.0,1.0,4.0,1.0,2024-12-13,unknown,1.0,77,-32.857142857142854,0.10526315789473684,25,15,75.0,50,40.0,42.5,Red
A-054577,Company_455,EdTech,UK,2024-04-28,ads,Basic,2,False,False,16915,202980,Enterprise,85,monthly,True,,16,1,1,100.0,4.0,8.0,16.0,0.0,,0.0,,0.0,,,0.0,247,525.0,,100,15,100.0,60,80.0,77.2,Green
A-bc87bc,Company_456,FinTech,US,2024-07-17,event,Pro,3,False,False,152,1824,Basic,8,monthly,True,,8,0,0,69.0,0.0,5.0,23.0,1.0,67.0,0.0,5.0,0.0,,,0.0,167,200.0,0.125,100,15,100.0,65,50.0,75.2,Green
A-0f7d77,Company_457,FinTech,IN,2024-10-28,partner,Pro,3,False,False,133,1596,Basic,7,annual,True,,6,0,0,57.0,10.0,6.0,9.0,0.0,,0.0,,0.0,2024-11-09,competitor,1.0,64,533.3333333333333,,100,15,100.0,65,40.0,74.2,Yellow
A-e7beab,Company_458,EdTech,DE,2023-10-20,organic,Enterprise,5,False,False,245,2940,Pro,5,monthly,True,2024-12-29,7,0,0,17.0,0.0,2.0,20.0,0.0,,0.0,,0.0,2024-04-25,features,1.0,438,-15.0,,50,15,100.0,85,40.0,63.2,Yellow
A-a09355,Company_459,FinTech,US,2024-08-10,organic,Basic,14,False,False,686,8232,Pro,14,monthly,True,,16,0,1,115.0,7.0,10.0,69.0,0.0,,0.0,,0.0,2024-10-18,support,2.0,143,66.66666666666666,,100,40,100.0,50,40.0,75.0,Green
A-31ab9a,Company_460,FinTech,DE,2024-03-03,organic,Pro,3,False,False,2786,33432,Enterprise,14,monthly,True,,7,0,0,29.0,0.0,3.0,61.0,1.0,21.0,0.0,3.0,0.0,2024-09-23,competitor,2.0,303,-52.459016393442624,0.07142857142857142,0,15,95.0,75,50.0,46.0,Red
A-0158bb,Company_461,FinTech,DE,2024-05-22,partner,Basic,5,False,False,2205,26460,Pro,45,annual,True,,6,1,0,25.0,0.0,3.0,67.0,0.0,,0.0,,0.0,,,0.0,223,-62.68656716417911,,0,15,100.0,75,80.0,50.2,Yellow
A-f19b24,Company_462,Cybersecurity,US,2023-01-10,organic,Pro,29,True,False,551,6612,Basic,29,monthly,True,,3,0,0,37.0,6.0,4.0,0.0,0.0,,0.0,,0.0,,,0.0,721,,,30,15,100.0,85,60.0,59.2,Yellow
A-798a3f,Company_463,DevTools,FR,2023-10-19,other,Enterprise,12,False,True,2587,31044,Enterprise,13,monthly,False,,9,1,0,44.0,2.0,4.0,26.0,1.0,7.0,0.0,4.0,1.0,2024-07-19,support,1.0,439,69.23076923076923,0.07692307692307693,100,15,95.0,70,70.0,77.0,Green
A-42b791,Company_464,FinTech,AU,2024-05-20,event,Pro,3,False,False,380,4560,Basic,20,monthly,False,,7,0,0,35.0,2.0,5.0,32.0,0.0,,0.0,,0.0,,,0.0,225,9.375,,80,15,100.0,60,50.0,68.2,Yellow
A-068fc6,Company_465,EdTech,US,2023-07-17,event,Enterprise,35,False,False,6965,83580,Enterprise,35,monthly,True,2024-12-25,10,1,0,73.0,2.0,6.0,90.0,0.0,,0.0,,0.0,,,0.0,533,-18.88888888888889,,50,15,100.0,85,80.0,67.2,Yellow
A-6f50ae,Company_466,FinTech,US,2023-09-21,partner,Pro,19,False,True,3781,45372,Enterprise,19,monthly,True,,14,0,1,120.0,9.0,10.0,117.0,3.0,25.333333333333332,0.0,4.0,2.0,2024-02-26,features,2.0,467,2.564102564102564,0.15789473684210525,80,40,75.0,70,50.0,67.8,Yellow
A-a2485e,Company_467,FinTech,US,2024-08-04,event,Pro,3,True,False,3383,40596,Enterprise,17,annual,True,,6,0,1,50.0,3.0,4.0,18.0,0.0,,0.0,,0.0,,,0.0,149,177.77777777777777,,100,15,100.0,50,70.0,74.2,Yellow
A-bb1eaa,Company_468,Cybersecurity,US,2024-06-11,organic,Basic,21,False,False,1225,14700,Pro,25,annual,True,,5,0,1,29.0,2.0,3.0,9.0,0.0,,0.0,,0.0,2024-08-15,pricing,1.0,203,222.22222222222223,,100,15,100.0,60,50.0,74.2,Yellow
A-cc98bc,Company_469,DevTools,US,2023-05-24,ads,Basic,32,False,False,0,0,Basic,32,monthly,True,,10,1,0,95.0,2.0,7.0,11.0,0.0,,0.0,,0.0,,,0.0,587,763.6363636363636,,100,15,100.0,85,60.0,80.2,Green
A-d77f4c,Company_470,DevTools,US,2023-09-25,partner,Pro,4,True,False,196,2352,Pro,4,annual,True,2024-12-18,14,4,1,54.0,7.0,5.0,88.0,0.0,,0.0,,0.0,2024-12-03,unknown,3.0,463,-38.63636363636363,,25,15,100.0,70,50.0,53.8,Yellow
A-ccabf0,Company_471,HealthTech,IN,2023-11-06,organic,Pro,1,False,False,0,0,Basic,25,annual,True,2024-11-06,10,0,1,76.0,0.0,8.0,74.0,0.0,,0.0,,0.0,2024-10-31,features,2.0,421,2.7027027027027026,,80,15,100.0,70,30.0,68.2,Yellow
A-700ade,Company_472,Cybersecurity,UK,2024-10-31,organic,Enterprise,1,True,False,950,11400,Basic,50,monthly,False,,8,0,0,16.0,0.0,2.0,26.0,1.0,26.0,0.0,,1.0,,,0.0,61,-38.46153846153847,0.02,25,15,85.0,50,60.0,47.0,Red
A-4a4c2d,Company_473,DevTools,US,2023-05-02,event,Enterprise,54,False,False,2646,31752,Pro,54,monthly,True,,13,1,1,54.0,2.0,6.0,96.0,1.0,44.0,0.0,5.0,1.0,,,0.0,609,-43.75,0.018518518518518517,25,15,95.0,70,80.0,55.5,Yellow
A-b7ef83,Company_474,Cybersecurity,UK,2024-05-29,partner,Pro,1,True,False,588,7056,Pro,12,monthly,False,,15,2,0,93.0,5.0,8.0,81.0,1.0,67.0,0.0,,0.0,2024-07-24,budget,2.0,216,14.814814814814813,0.08333333333333333,80,15,95.0,60,60.0,68.0,Yellow
A-e08cd3,Company_475,FinTech,US,2024-09-21,ads,Pro,67,True,False,1273,15276,Basic,67,annual,True,,11,0,1,72.0,2.0,8.0,0.0,2.0,37.0,0.0,4.0,2.0,2024-12-17,features,2.0,101,,0.029850746268656716,30,15,80.0,50,40.0,45.2,Red
A-19b2c8,Company_476,DevTools,IN,2023-06-06,other,Pro,20,False,False,3980,47760,Enterprise,20,monthly,True,,13,1,0,79.0,4.0,9.0,87.0,0.0,,0.0,,0.0,2024-08-16,pricing,1.0,574,-9.195402298850574,,50,15,100.0,85,70.0,66.2,Yellow
A-970c97,Company_477,HealthTech,DE,2024-03-01,other,Enterprise,14,False,False,931,11172,Pro,19,annual,True,,8,0,1,78.0,7.0,7.0,20.0,0.0,,0.0,,0.0,,,0.0,305,290.0,,100,15,100.0,60,60.0,75.2,Green
A-6dee43,Company_478,FinTech,UK,2023-08-12,other,Basic,3,True,False,0,0,Pro,17,annual,True,,11,1,0,24.0,0.0,3.0,41.0,1.0,15.0,0.0,,1.0,2024-01-14,pricing,1.0,507,-41.46341463414634,0.058823529411764705,25,15,85.0,85,50.0,53.0,Yellow
A-5ed98d,Company_479,DevTools,US,2024-06-22,partner,Basic,24,False,False,0,0,Basic,38,annual,True,,8,1,0,73.0,5.0,9.0,5.0,0.0,,0.0,,0.0,2024-10-02,competitor,2.0,192,1360.0,,100,15,100.0,75,40.0,76.2,Green
A-c58f49,Company_480,EdTech,US,2024-07-31,other,Enterprise,70,True,False,13930,167160,Enterprise,70,annual,True,,7,1,0,44.0,0.0,3.0,17.0,0.0,,0.0,,0.0,2024-09-21,support,3.0,153,158.8235294117647,,100,15,100.0,65,60.0,76.2,Green
A-9c18c4,Company_481,HealthTech,US,2023-07-27,ads,Pro,11,False,True,2189,26268,Enterprise,11,monthly,True,,10,3,0,87.0,1.0,8.0,79.0,1.0,12.0,0.0,3.0,0.0,,,0.0,523,10.126582278481013,0.09090909090909091,80,15,95.0,85,90.0,76.0,Green
A-cc8c8f,Company_482,DevTools,US,2024-06-16,ads,Enterprise,23,False,False,0,0,Basic,48,annual,True,,7,1,1,29.0,4.0,3.0,28.0,0.0,,0.0,,0.0,2024-09-12,budget,1.0,198,3.571428571428571,,80,15,100.0,60,50.0,68.2,Yellow
A-5f7781,Company_483,DevTools,US,2024-08-20,other,Pro,22,False,False,1078,12936,Pro,22,annual,True,,5,1,0,14.0,1.0,2.0,41.0,0.0,,0.0,,0.0,2024-12-25,pricing,1.0,133,-65.85365853658537,,0,15,100.0,65,60.0,46.2,Red
A-e1b9cd,Company_484,DevTools,US,2023-02-26,event,Pro,40,False,True,1960,23520,Pro,40,monthly,True,,15,0,3,36.0,0.0,4.0,138.0,0.0,,0.0,,0.0,2024-10-01,unknown,1.0,674,-73.91304347826086,,0,15,100.0,55,50.0,43.2,Red
A-ac85cd,Company_485,EdTech,US,2024-07-31,partner,Enterprise,53,False,False,4165,49980,Pro,85,annual,True,,12,1,2,107.0,4.0,8.0,51.0,0.0,,0.0,,0.0,2024-12-13,pricing,2.0,153,109.80392156862746,,100,15,100.0,35,60.0,70.2,Yellow
A-d792a6,Company_486,DevTools,US,2023-01-23,organic,Enterprise,4,False,False,12935,155220,Enterprise,65,annual,True,,15,1,1,92.0,8.0,9.0,113.0,2.0,23.0,0.0,,1.0,2024-08-13,support,2.0,708,-18.58407079646018,0.03076923076923077,50,15,80.0,70,60.0,57.2,Yellow
A-ac9111,Company_487,HealthTech,US,2023-08-12,event,Pro,21,True,False,399,4788,Basic,21,annual,True,,16,0,1,98.0,6.0,10.0,71.0,0.0,,0.0,,0.0,2024-06-25,budget,1.0,507,38.028169014084504,,100,40,100.0,70,40.0,79.0,Green
A-18793f,Company_488,EdTech,US,2024-12-18,organic,Basic,148,True,False,0,0,Basic,148,monthly,True,,11,1,0,35.0,0.0,3.0,65.0,0.0,,0.0,,0.0,2024-12-30,support,1.0,13,-46.15384615384615,,25,15,100.0,65,50.0,52.8,Yellow
A-9f0b68,Company_489,EdTech,US,2024-04-28,ads,Basic,10,False,False,0,0,Pro,18,annual,True,,12,2,1,46.0,0.0,4.0,120.0,1.0,50.0,0.0,,1.0,2024-11-01,pricing,2.0,247,-61.66666666666667,0.05555555555555555,0,15,85.0,60,50.0,40.5,Red
A-d3c88e,Company_490,DevTools,US,2024-10-18,event,Pro,16,False,False,3184,38208,Enterprise,16,monthly,True,,13,3,0,92.0,8.0,10.0,95.0,0.0,,0.0,,0.0,2024-11-18,support,1.0,74,-3.1578947368421053,,50,40,100.0,65,80.0,67.0,Yellow
A-ccb686,Company_491,DevTools,US,2024-01-22,other,Basic,10,False,False,209,2508,Basic,11,annual,True,,12,4,1,161.0,13.0,15.0,87.0,0.0,,0.0,,0.0,2024-11-24,competitor,3.0,344,85.0574712643678,,100,40,100.0,60,50.0,78.0,Green
A-118f1c,Company_492,Cybersecurity,US,2024-10-31,other,Pro,32,False,False,6368,76416,Enterprise,32,annual,False,,8,0,0,8.0,0.0,1.0,41.0,0.0,,0.0,,0.0,2024-12-17,budget,1.0,61,-80.48780487804879,,0,15,100.0,50,60.0,43.2,Red
A-0e966d,Company_493,FinTech,IN,2024-06-25,ads,Basic,11,False,True,209,2508,Basic,11,annual,True,2024-11-30,11,0,0,113.0,2.0,11.0,46.0,1.0,12.0,0.0,4.0,0.0,,,0.0,189,145.65217391304347,0.09090909090909091,100,40,100.0,75,50.0,81.0,Green
A-b9f5b1,Company_494,Cybersecurity,US,2023-01-24,other,Pro,15,True,False,2985,35820,Enterprise,15,annual,True,,7,0,0,47.0,0.0,4.0,31.0,1.0,18.0,0.0,4.0,1.0,2023-07-21,features,1.0,707,51.61290322580645,0.06666666666666667,100,15,95.0,85,60.0,79.0,Green
A-8ae3fc,Company_495,DevTools,CA,2024-06-28,ads,Pro,9,False,False,380,4560,Basic,20,monthly,True,,8,0,0,53.0,3.0,6.0,51.0,0.0,,0.0,,0.0,2024-08-10,budget,1.0,186,3.9215686274509802,,80,15,100.0,75,40.0,70.2,Yellow
A-55f257,Company_496,FinTech,US,2023-12-21,organic,Basic,9,False,False,4179,50148,Enterprise,21,monthly,False,,10,3,0,112.0,1.0,10.0,43.0,0.0,,0.0,,0.0,,,0.0,376,160.46511627906978,,100,40,100.0,70,90.0,84.0,Green
A-d26ab4,Company_497,DevTools,UK,2024-11-07,organic,Basic,9,False,True,6567,78804,Enterprise,33,monthly,True,,9,0,1,62.0,0.0,6.0,22.0,0.0,,0.0,,0.0,2024-12-26,pricing,1.0,54,181.8181818181818,,100,15,100.0,50,60.0,73.2,Yellow
A-712533,Company_498,EdTech,US,2023-07-31,organic,Pro,18,False,False,882,10584,Pro,18,monthly,False,,12,1,0,91.0,4.0,9.0,43.0,2.0,35.5,0.0,4.0,2.0,2024-07-18,unknown,1.0,519,111.62790697674419,0.1111111111111111,100,15,80.0,70,60.0,72.2,Yellow
A-781cc0,Company_499,EdTech,US,2024-09-04,organic,Pro,12,False,False,228,2736,Basic,12,annual,True,,16,2,0,145.0,4.0,14.0,167.0,1.0,64.0,0.0,3.0,1.0,2024-12-09,budget,2.0,118,-13.17365269461078,0.08333333333333333,50,40,85.0,65,50.0,60.2,Yellow
